Customer_id,Recency,Frequency,Monetary
4,1,392,20285.24
11,560,6,40.03
13,595,192,5220.82
20,3,420,36523.91
32,12,626,40300.07
33,40,1336,84331.23
35,631,1863,17351.28
36,481,321,9433.17
38,680,11,1472.01
39,788,2,427.14
40,759,4,91.62
41,788,1,6.99
42,474,319,9999.37
43,438,988,3744.16
44,84,653,9684.37
46,753,2,37.26
47,273,111,5485.82
53,776,36,194.67000000000002
56,55,1016,29064.85
58,92,1151,16868.0
59,390,736,11350.3
60,788,8,10.98
61,614,32,2342.01
62,328,1,14.31
63,490,33,210.93
64,115,755,39161.93
66,433,423,32749.52
69,788,1,1.22
71,476,4,35.7
75,261,6,48.78
77,578,3,264.24
79,282,485,24538.86
80,788,2,10.17
82,480,28,241.6
85,327,72,1934.1200000000001
86,566,291,8283.98
93,284,12,201.24
94,491,38,2616.71
95,788,2,5.56
98,135,50,8335.91
101,701,62,6716.22
102,283,10,136.22
106,567,72,3570.97
114,66,810,35525.81
120,680,5,631.27
123,480,108,567.11
126,230,103,31867.7
130,752,7,111.74
132,245,23,593.58
137,470,795,27237.68
143,557,31,142.16
144,280,23,516.92
148,579,157,16167.63
151,596,19,39.04
160,774,2,81.67
163,16,2319,65508.71
169,788,1,0.87
172,500,15,96.2
180,106,7,759.4399999999999
184,628,5,13.0
187,500,1,167.37
191,403,4,2260.72
210,275,25,818.59
211,774,2,3.3
213,558,10,52.8
215,787,1,174.62
217,581,14,49.34
220,370,250,15380.34
222,665,5,19.1
223,645,4,32.21
225,209,306,53561.28
228,465,56,450.15
230,16,578,22657.06
231,787,1,181.45
236,278,16,37562.12
237,733,10,2599.8199999999997
241,776,6,27.34
250,755,2,10.190000000000001
251,176,2,1223.1
253,662,1,3.43
256,1,19,290.39
259,742,6,10.43
261,243,72,490.68
262,275,250,10408.26
265,262,51,1765.5
266,787,1,5.44
267,464,15,106.35
272,787,1,225.83
276,787,1,82.52
278,787,1,121.6
282,190,139,6388.42
292,11,193,13717.76
293,616,18,45.29
324,786,1,32.57
326,786,1,6.94
327,639,7,17.7
331,685,3,18.08
334,638,1,9.13
341,763,21,54.199999999999996
346,49,38,307.56
348,641,2,2.23
349,603,2,11.02
351,786,1,2.6
373,698,1,5.76
390,261,9,73.98
391,771,1,6.95
395,149,448,1326.85
396,785,4,319.44
408,631,4,230.10999999999999
420,785,1,4.34
422,641,1,1.82
423,158,123,1242.4
425,694,6,308.5
433,429,8,66.11
446,641,3,14.649999999999999
448,433,124,437.96000000000004
451,278,9,74.47
456,726,2,8.68
458,473,26,8945.12
459,14,350,33237.87
468,524,110,833.82
469,785,1,4.53
471,785,1,4.53
478,628,12,26.990000000000002
479,25,86,4469.8
485,785,1,2.22
496,784,7,11.42
500,641,2,73.02
514,619,2,0.56
516,784,1,2.78
533,284,46,1775.74
537,291,10,370.92
544,784,1,63.96
550,628,1,10.57
553,279,13,852.37
555,69,18,200.68
562,320,2,32.64
566,135,12,259.88
567,466,23,629.43
585,466,4,18.97
587,532,15,692.23
588,270,1,2.83
604,390,12,123.88
609,389,10,124.64
638,781,2,9.64
644,759,1,18.24
656,640,7,231.27
689,780,5,54.519999999999996
690,265,22,1546.02
694,765,3,59.519999999999996
704,726,3,5.93
705,773,4,3.8
710,163,2,105.97
714,780,1,1.4
721,614,11,25.25
731,429,10,20.9
735,779,2,6.27
753,63,16,185.0
767,278,1182,33111.09
768,690,2,13.9
775,592,40,119.3
779,4,29,628.65
791,778,1,2.8
794,741,5,2742.36
795,573,2,339.27
797,434,2,52.64
800,14,1018,43479.55
802,463,408,27707.89
803,778,1,395.63
806,475,1253,43290.07
811,778,1,0.0
813,507,610,2784.11
814,778,1,3.15
820,189,1112,30742.86
822,418,41,1003.01
833,761,3,5.86
834,778,2,24.16
838,477,27,11061.2
841,460,5,1915.08
847,778,1,162.74
854,97,9,68.39
857,501,2,79.64
860,778,1,60.38
890,561,19,157.70999999999998
893,777,1,2.76
900,764,2,256.57
909,566,23,1611.95
911,466,1,106.43
913,777,1,133.38
916,466,533,17880.1
926,283,114,8953.76
927,474,6,29.729999999999997
934,600,3,18.02
937,720,11,11.48
938,777,1,18.13
943,777,1,14.03
956,435,36,400.05
962,777,7,409.64000000000004
972,578,21,10872.31
986,280,6,39.760000000000005
987,355,15,805.61
991,776,1,7.84
995,776,1,132.56
998,776,1,3.48
1000,776,5,4578.49
1003,776,1,0.0
1007,547,10,446.5
1011,626,7,315.18
1016,279,87,1167.5300000000002
1021,661,24,161.98
1026,770,2,4.1899999999999995
1027,279,1,67.17
1029,776,1,2.79
1039,776,1,462.74
1040,111,56,423.61
1041,743,26,676.77
1042,776,2,26.04
1054,189,45,6965.86
1056,776,1,14.82
1057,736,2,1592.72
1060,241,35,26591.97
1061,291,283,47055.51
1072,565,4,24.67
1075,135,631,33541.78
1076,639,3,38.84
1084,391,56,981.9
1085,775,1,6.37
1089,382,18,134.7
1093,259,64,715.37
1097,592,1,22.72
1099,70,44,6928.72
1101,775,1,2.84
1105,522,46,3660.79
1106,775,1,34.47
1109,613,14,5476.4
1113,762,2,6.3100000000000005
1119,675,3,778.73
1122,775,1,56.72
1123,775,1,8.68
1132,621,1,63.64
1135,775,1,241.36
1143,56,97,1576.43
1165,595,37,360.77
1169,774,2,6.28
1173,774,1,2.79
1174,774,1,2.0
1176,99,26,135.62
1179,643,16,213.60000000000002
1185,771,2,13.98
1186,774,1,14.16
1187,111,13,2064.17
1188,269,72,418.35
1191,774,1,2.48
1199,42,85,764.58
1211,774,1,1.52
1215,774,2,51.22
1239,328,7,425.31
1244,761,2,14.17
1267,18,13,376.90000000000003
1268,418,34,631.6800000000001
1270,773,1,3.14
1271,314,3,32.67
1272,773,1,3.14
1273,395,2,63.0
1274,773,1,3.14
1275,773,1,3.14
1276,773,1,21.34
1279,287,42,364.04
1280,532,17,5541.58
1286,764,8,8.83
1288,515,19,159.36
1290,277,7,49.95
1291,773,2,34.84
1294,277,12,219.63000000000002
1302,320,85,2677.16
1319,537,6,57.89
1323,235,278,46138.63
1326,505,30,1637.5
1334,772,1,11.02
1339,765,2,1.9100000000000001
1342,772,1,14.81
1343,328,1,98.12
1347,87,9,22.54
1352,601,20,63.21
1356,435,1,3.41
1364,328,1,7.78
1367,772,2,9.4
1383,595,11,6396.6
1387,771,2,4.6899999999999995
1396,504,79,6415.26
1398,771,1,2.61
1399,620,7,16.74
1401,277,6,430.6
1402,608,12,54.989999999999995
1404,462,1250,23473.2
1405,771,1,5.86
1406,673,27,62.61
1414,271,4,329.98
1419,491,11,241.01999999999998
1420,677,1,8.27
1423,641,5,3559.93
1437,538,5,56.5
1454,770,1,13.12
1466,640,5,10.57
1468,770,2,15.32
1474,719,45,559.9499999999999
1475,770,1,844.75
1476,235,3,33.519999999999996
1477,166,19,294.1
1478,697,2,3.31
1481,742,45,615.24
1482,175,4,27.529999999999998
1487,642,5,58.06
1489,599,7,330.90000000000003
1494,735,19,78.94
1504,260,21,529.4
1510,767,4,1814.42
1514,273,36,1027.32
1531,640,15,128.54
1535,769,1,13.12
1538,479,17,198.36999999999998
1539,732,7,52.93
1542,326,4,24.290000000000003
1547,769,1,1.05
1554,769,1,169.43
1555,2,112,14528.789999999999
1561,279,7,335.53999999999996
1562,17,102,12790.09
1564,769,1,21.87
1567,629,3,29.4
1570,277,231,10898.5
1575,482,10,94.62
1597,768,2,328.06
1607,157,19,115.96000000000001
1616,485,5,795.4200000000001
1619,512,13,124.18
1622,768,1,0.87
1623,642,21,72.66
1626,662,1,21.07
1631,768,1,351.43
1632,237,10,618.86
1634,574,42,315.5
1638,372,1,53.2
1660,768,3,44.94
1676,767,1,8.34
1677,767,1,737.68
1678,767,1,1.32
1679,696,4,227.78
1683,767,1,2.28
1692,767,1,2.99
1701,767,2,1.94
1709,482,9,1768.24
1714,767,1,3.16
1721,767,1,1.76
1730,244,2,7.3
1743,324,6,175.29999999999998
1751,645,4,6.83
1752,328,2,226.45999999999998
1759,766,1,9.05
1760,648,3,4.2
1761,766,2,1098.54
1762,435,4,375.59
1764,766,1,60.6
1768,430,4,65.78999999999999
1775,743,6,476.69
1776,766,1,0.48
1777,766,1,0.97
1778,766,1,0.97
1785,635,1,7.87
1835,239,7,42.08
1852,765,3,5756.3099999999995
1857,466,125,1667.59
1866,529,6,63.16
1876,764,3,5310.72
1885,656,18,237.56
1888,761,1,142.54
1891,764,3,2.61
1898,14,31,2961.31
1900,590,75,1402.33
1906,764,1,569.84
1910,581,5,89.96
1911,535,48,2201.65
1914,547,8,2908.51
1916,764,2,3.16
1918,764,1,2.5
1924,393,32,757.85
1927,760,1,12.0
1930,643,15,182.98000000000002
1949,760,1,3.05
1952,763,1,172.47
1957,763,1,172.47
1962,541,8,370.3
1963,15,152,14860.68
1964,643,11,93.96000000000001
1966,763,1,1.67
1971,763,2,3.48
1972,763,2,193.69
1973,755,1,2.77
1975,763,1,1.76
1978,640,26,45.42
1981,640,6,33.08
1988,524,11,184.75
2005,763,1,1.74
2007,262,88,12583.38
2008,598,11,22.25
2031,762,1,7.04
2033,369,74,4957.52
2034,665,2,15.86
2042,638,9,56.84
2044,640,46,752.8199999999999
2045,762,1,5.72
2049,659,22,31.16
2050,480,3,40.650000000000006
2057,762,1,140.72
2059,762,2,4.29
2066,641,2,16.43
2068,328,1,10.0
2072,762,1,241.86
2074,762,1,12.31
2077,487,85,12231.5
2085,649,1,9.05
2091,473,9,257.59999999999997
2092,421,1,9.74
2097,762,1,0.87
2098,642,1,69.06
2108,665,8,31.310000000000002
2117,761,1,404.75
2119,283,34,7147.82
2126,761,1,17.6
2131,284,93,6415.17
2134,13,35,679.38
2137,375,7,297.48
2138,744,2,268.11
2142,191,50,1390.8
2144,761,2,17.56
2151,284,27,1335.8700000000001
2152,276,6,134.49
2163,761,2,1020.32
2168,761,1,3.17
2174,761,2,4.4
2176,761,2,66.0
2177,761,1,2.2
2179,692,1,101.61
2193,760,1,7.84
2195,641,7,42.32
2201,287,10,69.66
2207,408,9,132.28
2215,411,14,155.11
2216,760,1,479.0
2222,757,1,147.11
2223,760,1,776.52
2226,19,3,13.59
2231,760,1,776.52
2234,599,1,13.84
2235,744,1,0.85
2237,111,75,549.26
2240,645,2,32.58
2242,545,6,25.07
2243,760,2,11.75
2244,668,5,313.16999999999996
2251,592,2,37.72
2252,720,4,490.67
2265,88,51,264.95
2286,759,1,523.49
2288,275,4,21.28
2294,759,1,663.09
2299,759,1,268.29
2301,276,7,387.03999999999996
2303,594,13,47.08
2304,759,1,1.4
2305,759,1,21.38
2306,759,2,20.939999999999998
2308,490,7,175.21
2319,759,1,593.29
2322,106,36,4963.74
2323,757,2,1220.08
2325,328,5,83.04
2328,673,2,1576.4299999999998
2335,759,1,9.95
2336,759,1,2.62
2337,759,1,0.0
2343,759,1,0.7
2349,759,1,1.05
2353,328,4,8.739999999999998
2363,637,21,59.400000000000006
2367,605,3,4.4399999999999995
2396,756,1,59.03
2397,202,10,87.72
2400,756,4,34.78
2412,757,1,32.64
2418,599,44,274.64
2419,757,1,7.83
2420,757,1,7.83
2423,757,2,77.47
2424,757,2,8.35
2426,567,1,184.9
2427,757,1,5.22
2429,757,1,5.22
2430,757,1,5.22
2431,757,1,5.22
2434,757,1,91.39
2439,757,1,139.27
2448,757,1,8.7
2451,757,1,7.83
2452,757,2,15.66
2455,328,1,5.72
2457,397,14,191.01999999999998
2459,607,14,82.11
2460,280,6,180.35
2461,757,2,5.22
2462,757,1,5.22
2465,284,20,1461.3300000000002
2467,757,1,7.83
2469,757,1,0.86
2472,514,1,134.29
2473,757,1,5.22
2477,757,3,3.48
2478,11,521,33733.88
2483,757,1,3.47
2492,392,9,130.43
2497,756,1,3.41
2502,756,1,144.57
2503,158,7,322.22
2504,622,10,29.17
2506,638,29,96.60000000000001
2507,756,1,3.41
2509,696,6,30.360000000000003
2512,638,31,74.44
2513,734,5,8.56
2514,696,6,1981.1
2516,756,1,5.13
2518,756,1,3.41
2519,635,8,42.89
2522,277,21,218.62
2528,756,1,1.23
2531,591,9,7.59
2533,278,20,120.13
2534,756,2,10.26
2536,748,5,320.0
2543,756,1,3.41
2547,756,1,289.14
2552,608,18,103.57
2555,743,2,5.52
2564,756,1,3.41
2566,694,6,381.68
2567,485,5,156.34
2568,753,3,39.61
2570,642,6,8.02
2573,645,1,8.54
2579,363,1,30.39
2584,756,1,3.08
2589,753,5,24.080000000000002
2599,275,24,1443.96
2600,248,129,1980.45
2612,500,1,6.74
2618,676,9,26.97
2619,277,10,305.48
2622,639,7,465.22
2625,754,1,46.6
2626,641,2,442.38
2629,642,5,17.259999999999998
2633,1,10,52.79
2638,755,1,5.19
2648,526,29,223.34
2649,755,1,5.19
2654,40,12,183.85
2655,755,1,6.9
2656,225,20,677.8199999999999
2661,328,2,37.489999999999995
2668,755,1,3.45
2674,553,7,40.37
2676,755,1,216.04
2679,133,31,404.73
2683,640,2,18.22
2690,755,2,6.9
2692,755,1,169.38
2704,558,4,239.55
2705,645,3,29.22
2728,754,1,508.36
2730,710,1,3.45
2740,490,63,340.99
2744,11,62,1468.53
2745,19,78,39420.67
2746,754,1,3.45
2749,395,4,265.23
2754,754,1,3.45
2764,491,19,460.21
2766,401,34,262.17
2767,754,1,3.45
2769,754,1,5.19
2772,578,5,193.81
2776,752,11,72.72
2777,651,3,11.23
2778,279,18,100.0
2781,607,10,25.35
2782,594,12,34.31
2783,754,1,3.45
2785,754,2,6.0
2790,647,26,332.59
2792,746,3,63.9
2793,754,3,7.6499999999999995
2796,753,3,7.63
2801,588,1,5.94
2808,643,2,6.760000000000001
2812,269,1,54.42
2813,754,2,21.37
2815,754,1,3.45
2816,493,62,284.92
2818,606,54,232.31
2820,749,3,7.68
2821,304,29,100.75
2824,754,1,5.18
2825,638,12,32.23
2826,748,2,27.12
2829,619,3,7.8500000000000005
2841,521,9,207.09
2853,743,4,12.07
2854,753,3,47.36
2856,642,4,21.97
2858,429,67,1473.17
2860,641,16,68.12
2864,495,36,1505.33
2865,753,1,3.44
2869,753,1,3.01
2870,606,3,13.53
2871,646,3,14.08
2872,620,7,70.47
2883,659,3,19.32
2892,753,1,3.44
2895,750,2,6.91
2896,753,1,3.44
2898,529,51,312.11
2905,435,1,7.25
2908,746,4,1995.44
2915,753,1,3.44
2916,753,1,3.44
2918,753,1,3.44
2919,753,1,3.44
2920,564,3,31.14
2923,280,15,94.8
2931,288,6,99.79
2933,442,12,125.80000000000001
2941,753,1,0.86
2946,641,2,7.66
2949,748,4,9.42
2952,753,3,23.19
2961,752,6,31.68
2962,603,3,12.620000000000001
2966,694,2,0.0
2969,442,5,120.03
2974,14,196,68808.53
2975,752,2,6.88
2985,278,12,164.09
2986,752,1,3.44
2990,491,17,2197.64
2992,739,22,743.3299999999999
2998,752,1,0.65
3004,500,1,6.25
3005,752,2,17.18
3007,721,2,3.82
3009,268,10,198.23
3010,752,1,3.44
3012,752,1,1.29
3014,743,2,10.42
3020,752,1,170.52
3024,729,2,19.35
3034,543,22,90.49000000000001
3042,646,1,18.02
3044,48,8,394.34999999999997
3045,752,1,2.54
3061,511,26,233.51
3063,752,1,107.91
3083,297,34,100.56
3098,466,5,397.20000000000005
3100,94,102,1509.06
3102,751,1,219.78
3112,628,7,23.049999999999997
3117,751,1,6.2
3118,751,1,3.1
3121,751,1,3.1
3124,463,1,105.24
3129,751,1,3.1
3130,732,2,6.15
3131,751,1,3.1
3132,400,1,280.71
3140,390,3,249.37
3164,751,1,723.4
3166,346,15,259.40999999999997
3194,647,7,26.33
3199,284,8,43.01
3203,750,3,10.41
3204,609,2,4.949999999999999
3205,477,36,1522.75
3210,504,41,441.37
3214,677,8,307.56
3219,729,2,6.640000000000001
3226,747,3,411.7
3228,727,4,515.72
3253,647,14,51.59
3255,647,4,311.98
3256,11,197,13972.87
3269,750,1,3.04
3273,750,2,17.06
3301,749,1,59.57
3306,641,3,23.35
3308,749,1,215.82
3314,115,22,298.67
3319,748,2,10.17
3320,749,1,3.11
3322,749,1,6.22
3323,379,4,76.6
3324,641,2,8.46
3329,749,1,3.11
3336,749,2,4.74
3341,566,9,32.64
3342,749,1,8.62
3344,565,11,165.02
3351,472,185,725.9
3355,749,1,3.01
3356,749,1,8.19
3359,748,2,14.05
3363,749,1,5.53
3365,642,23,87.0
3377,190,84,8914.25
3380,749,1,3.44
3382,328,1,17.99
3385,749,1,3.01
3386,559,25,955.85
3394,749,1,0.85
3417,140,1,10.67
3419,748,1,3.43
3422,435,1,26.29
3427,748,1,6.88
3431,662,4,10.75
3434,748,1,3.43
3436,533,22,106.25
3438,748,1,3.0
3443,748,1,12.82
3444,748,1,3.1
3446,747,3,19.759999999999998
3449,297,16,277.99
3456,748,1,3.0
3465,748,1,0.85
3468,16,51,2234.81
3474,748,1,145.45
3476,193,9,70.87
3481,748,2,6.86
3483,748,1,3.0
3485,743,3,219.84
3487,748,1,3.43
3488,568,15,76.55
3489,748,6,20.580000000000002
3493,748,17,52.29
3497,584,1,4.92
3500,52,51,568.19
3520,619,5,9.49
3525,747,1,10.96
3529,747,1,101.63
3530,505,28,143.64000000000001
3532,645,29,159.73
3533,592,3,252.92000000000002
3540,747,1,3.08
3546,747,1,214.07
3549,664,5,110.42
3553,724,2,4.1
3557,83,1,7.41
3562,747,3,37.26
3563,747,1,3.08
3564,747,1,10.53
3569,669,2,19.94
3576,747,1,2.57
3577,747,1,3.08
3582,639,3,15.120000000000001
3585,747,1,0.69
3601,746,5,54.050000000000004
3606,601,18,104.47
3613,717,6,64.18
3620,746,1,15.46
3625,746,1,198.94
3634,746,1,1.55
3637,746,1,0.85
3646,746,1,236.23
3649,746,1,9.44
3660,746,1,386.46
3661,746,1,5.65
3666,746,1,1.37
3675,560,12,199.69
3680,746,2,2.58
3709,276,12,755.75
3728,596,8,141.39
3731,620,4,7.359999999999999
3735,486,1,11.83
3739,745,1,79.11
3744,277,17,4655.46
3750,745,4,46.72
3754,564,10,53.67
3760,132,2,15.38
3761,14,38,1649.54
3778,745,2,3.4
3783,745,1,3.09
3785,745,1,3.09
3793,435,3,40.2
3797,742,2,29.45
3798,568,3,17.099999999999998
3815,328,2,20.330000000000002
3840,647,1,3.15
3841,500,2,8.34
3844,744,1,6.87
3875,717,2,4.43
3881,744,1,214.74
3883,742,1,101.76
3917,744,1,10.74
3930,328,1,21.79
3931,744,1,146.02
3948,397,14,336.84
3950,743,1,3.13
3954,743,105,1313.55
3964,743,1,280.54
3968,505,12,5008.7300000000005
3969,689,2,341.71000000000004
3998,634,3,30.369999999999997
4019,733,2,7.82
4028,743,2,7.64
4049,638,23,285.27000000000004
4053,742,1,3.21
4055,641,4,16.28
4058,583,2,81.06
4068,90,12,70.86
4083,742,2,9.92
4090,487,6,42.65
4104,282,6,50.79
4112,108,220,17158.87
4121,742,1,16.67
4130,328,1,1.05
4131,638,1,7.54
4145,598,1,1.15
4150,642,10,161.89
4151,741,1,3.05
4153,82,2,12.18
4155,459,15,431.79999999999995
4161,741,2,1.36
4164,741,1,252.76
4166,641,29,304.35
4167,702,1,4.05
4182,741,1,2.33
4184,95,62,378.95
4188,741,11,1353.33
4191,740,2,30.509999999999998
4193,741,1,412.23
4194,561,1,4.05
4209,278,11,121.35
4254,708,2,4.88
4257,288,64,4029.9199999999996
4260,138,35,512.09
4264,729,3,134.36
4274,740,1,211.69
4287,740,2,1659.7
4297,645,6,15.629999999999999
4316,714,2,17.11
4331,739,1,0.47
4332,739,1,5.56
4334,739,1,0.77
4337,641,14,48.67
4340,434,20,361.98
4354,465,7,452.99
4356,636,1,182.68
4357,518,3,39.56
4362,739,1,14.66
4373,739,1,254.69
4383,465,1,6.67
4388,739,2,1.7
4399,454,11,71.85
4429,738,1,81.2
4431,738,1,0.85
4440,639,8,30.91
4444,738,1,6.75
4491,738,1,1.37
4492,150,4,39.48
4493,738,1,2.74
4497,678,2,1135.2
4557,118,61,1504.75
4561,492,1,13.49
4578,737,1,0.68
4587,509,1,85.11
4592,736,1,3.37
4594,281,4,137.76
4598,736,1,8.43
4614,328,7,8.52
4625,736,1,142.63
4631,736,1,2.7
4644,736,2,2.1100000000000003
4645,736,2,2.5300000000000002
4650,736,2,2.5300000000000002
4652,736,1,1.97
4653,736,5,10.29
4665,736,3,203.70000000000002
4673,722,2,451.58000000000004
4682,459,2,22.03
4705,682,3,22.75
4707,735,1,750.44
4710,209,60,770.78
4764,734,1,13.65
4781,734,1,332.93
4783,734,1,35.34
4784,734,2,184.53
4786,734,2,1.36
4792,734,2,1.4500000000000002
4797,39,358,9275.17
4798,643,4,12.84
4811,734,1,3.07
4812,641,3,12.47
4816,436,1,8.86
4817,575,11,208.24
4823,543,11,245.69
4827,734,1,19.42
4829,734,1,1.61
4842,724,4,362.95000000000005
4849,573,2,6.379999999999999
4873,530,1,31.89
4874,291,1,96.85
4886,354,7,323.95
4891,733,1,3.85
4924,552,19,69.74
4940,63,44,1034.05
4946,251,3,75.84
4981,579,2,46.94
4983,732,1,643.1
4991,732,1,609.26
4999,502,27,135.82
5007,525,1,45.01
5012,729,6,148.3
5013,732,1,276.33
5016,732,1,38.93
5018,732,3,3.81
5020,732,1,1.35
5021,732,1,1.35
5022,732,1,1.78
5026,710,3,13.059999999999999
5027,731,11,6.22
5029,732,1,1.35
5030,732,11,14.850000000000001
5036,732,5,6.75
5038,732,1,1.35
5053,732,1,2.71
5083,483,13,1994.6
5084,731,1,1.02
5094,611,4,156.52
5095,131,351,23544.12
5098,731,2,1.94
5100,273,24,463.67
5104,554,5,50.11
5115,731,1,507.71
5130,307,6,204.5
5166,730,1,6.09
5173,722,2,12.419999999999998
5174,730,1,3.05
5178,730,1,3.05
5185,435,4,106.16
5196,702,4,25.159999999999997
5199,565,5,534.29
5242,225,2,1147.88
5259,729,1,548.34
5260,729,1,582.62
5280,729,1,255.32
5287,729,1,5.57
5289,642,31,424.23
5300,729,1,4.28
5311,729,1,0.77
5331,721,3,3.12
5332,666,2,1208.54
5333,728,2,1.74
5335,591,25,415.4
5360,277,17,505.97
5361,728,1,553.91
5364,328,1,14.72
5382,728,1,3.12
5400,557,6,97.86999999999999
5415,727,1,45.86
5424,727,1,22.87
5426,727,1,589.08
5429,621,10,42.33
5430,727,1,554.42
5431,606,3,1650.6100000000001
5445,209,3,1343.56
5448,727,1,3.12
5470,727,1,59.77
5474,727,2,50.67
5476,522,6,18.47
5477,727,1,6.92
5483,630,20,520.0
5484,640,2,11.91
5488,616,9,41.05
5522,726,1,7.81
5523,726,1,7.81
5527,598,42,1499.45
5529,726,2,11.25
5537,280,5,324.83
5538,382,6,161.26
5556,726,2,8.68
5558,276,5,634.28
5573,439,12,105.48
5605,641,3,19.01
5615,725,1,3.13
5620,505,11,257.71
5621,525,24,237.91
5624,646,4,27.11
5628,628,4,16.9
5630,543,5,1789.7
5648,480,13,232.7
5658,640,7,17.86
5661,594,2,421.12
5664,600,7,598.21
5675,687,8,10.09
5689,279,36,748.02
5721,724,2,2.4299999999999997
5722,724,1,3.13
5724,720,5,10.309999999999999
5729,599,28,224.34
5734,724,1,258.95
5741,223,53,718.3000000000001
5744,697,3,11.059999999999999
5769,110,361,40434.56
5773,625,3,5.9
5775,724,1,4.34
5781,724,1,3.13
5785,643,1,1.7
5810,435,7,200.20000000000002
5839,504,1,134.26
5841,465,1,164.2
5842,644,5,34.67
5851,723,1,2.78
5853,530,14,74.94
5856,723,1,26.06
5864,277,11,306.25
5883,723,1,139.03
5884,645,1,5.42
5905,612,1,116.73
5915,722,1,12.14
5919,703,2,23.77
5921,722,1,2.52
5926,364,38,8283.8
5928,668,1,3.54
5940,722,1,286.37
5980,722,1,9.1
5983,321,10,120.4
5985,383,21,695.05
6004,640,16,38.93
6008,720,2,278.19
6030,721,2,294.14
6036,721,2,2.08
6042,721,5,65.55
6044,721,2,2.6100000000000003
6056,721,1,774.56
6058,721,1,165.35
6060,711,3,8.84
6082,586,1,16.03
6086,21,14,103.05
6090,721,1,12.53
6104,613,5,1806.6399999999999
6106,484,1,20.75
6111,227,36,246.51000000000002
6154,11,35,4399.88
6161,720,2,12.86
6162,720,1,9.81
6166,608,4,42.95
6173,320,4,97.92
6181,720,1,4.26
6188,328,1,5.31
6227,719,1,12.94
6234,671,4,30.05
6252,719,1,2.5
6256,719,1,7.34
6261,719,1,2.5
6272,606,1,157.5
6274,321,1,4.08
6289,652,2,24.759999999999998
6294,15,57,4902.11
6298,176,7,195.35000000000002
6302,719,3,16.23
6327,718,1,13.63
6336,718,3,412.40999999999997
6345,334,1,149.5
6360,549,3,61.26
6370,718,1,21.69
6413,644,4,10.57
6435,638,2,9.73
6451,14,10,254.49
6456,717,1,3.07
6464,643,3,51.24
6477,661,2,13.41
6524,716,1,8.51
6540,716,1,6.6
6549,716,1,3.07
6550,716,1,3.07
6573,616,207,14742.92
6574,527,12,86.34
6588,407,2,247.42
6592,210,9,97.52
6615,328,3,26.4
6622,643,1,7.18
6629,715,1,8.62
6641,715,1,9.75
6645,648,12,166.01
6646,135,43,1290.32
6652,275,1,17.9
6680,647,15,185.41000000000003
6690,525,1,188.14
6702,284,7,1076.6100000000001
6710,545,11,976.6800000000001
6718,712,1,11.17
6723,658,3,13.530000000000001
6728,712,1,2.51
6742,433,5,130.25
6774,644,2,10.68
6790,476,9,35.0
6792,609,1,50.95
6793,711,1,1.73
6799,711,2,12.43
6801,711,1,941.1
6820,711,1,138.14
6821,711,1,2.5
6822,711,1,1.19
6823,698,2,2.92
6826,711,1,2.33
6828,711,2,5.609999999999999
6864,641,9,39.45
6873,346,8,29.45
6882,604,1,22.93
6893,710,1,4.1
6899,656,3,8.790000000000001
6901,186,9,82.4
6903,710,1,34.54
6905,710,1,0.86
6923,362,8,299.03
6925,710,1,2.58
6926,710,1,1.21
6927,710,1,215.84
6928,521,1,12.1
6929,710,1,1.73
6948,646,4,12.15
6954,709,2,15.540000000000001
6958,641,6,39.39
6964,546,8,6190.6
6976,709,1,14.61
7019,328,2,25.47
7023,655,3,5.15
7035,708,1,682.47
7047,431,1,3.46
7057,708,1,3.67
7065,704,2,38.72
7082,705,1,169.38
7094,277,4,263.01
7109,669,7,53.73
7122,424,163,5925.31
7144,707,1,2.78
7149,707,1,2.03
7152,707,2,5.3
7187,14,1,150.84
7194,11,27,2416.35
7197,277,6,249.28000000000003
7198,505,4,27.33
7199,551,4,22.37
7200,706,1,2.59
7201,706,1,2.59
7202,391,18,345.49
7203,581,5,36.92
7204,544,6,42.629999999999995
7206,518,4,42.0
7219,706,1,6.06
7221,104,23,707.69
7227,665,4,180.79
7230,706,1,3.12
7234,465,9,249.32
7236,490,26,257.46
7237,706,1,1.73
7241,706,1,216.79
7248,679,3,12.73
7267,259,8,102.91
7268,705,2,1893.54
7270,705,1,538.53
7271,281,1,8.96
7273,705,1,1.74
7278,699,2,6.23
7279,4,40,241.7
7281,279,1,1.82
7285,635,178,3562.4
7286,705,1,146.78
7308,320,2,31.0
7309,700,1,145.4
7313,705,1,1.73
7314,705,1,1.73
7330,701,2,65.46000000000001
7333,508,44,459.06
7340,573,2,226.86
7345,525,52,631.3
7354,704,1,3.88
7356,704,2,15.46
7361,704,1,145.53
7373,704,2,5.54
7377,628,8,393.77
7379,687,3,10.1
7381,704,1,3.93
7385,633,2,2.65
7386,632,6,389.19
7387,704,1,3.01
7388,445,555,19854.72
7390,704,4,42.980000000000004
7394,645,2,5.41
7400,509,18,128.69
7408,463,1,2.95
7415,135,2,16.94
7425,549,15,76.41
7426,329,8,129.97
7430,703,1,17.22
7439,509,63,7604.04
7445,703,1,533.94
7446,284,11,1325.57
7447,498,1,2.73
7448,530,39,510.28999999999996
7456,594,72,14130.960000000001
7458,663,5,63.64
7467,650,3,42.37
7468,500,1,23.4
7474,703,5,9.04
7475,475,18,126.17
7506,699,2,65.2
7541,463,53,344.77
7552,500,1,818.91
7554,642,3,31.36
7561,190,21,40173.26
7562,638,1,5.38
7578,567,15,1638.1000000000001
7579,639,4,354.81000000000006
7583,592,17,957.87
7584,702,2,17.18
7592,473,1,11.85
7615,538,1,5.94
7635,701,1,3.36
7637,621,8,216.31
7646,466,8,348.58000000000004
7653,435,3,295.19
7655,701,1,215.59
7668,651,7,528.01
7692,701,1,10.76
7693,491,8,3460.77
7703,701,1,0.95
7712,479,155,22620.0
7728,410,2,215.76
7744,701,1,0.72
7751,700,1,63.85
7757,500,1,0.0
7767,700,1,3.48
7768,699,1,59.37
7774,700,1,3.91
7776,700,1,576.46
7777,99,17,681.57
7779,700,1,4.72
7785,659,3,14.129999999999999
7798,700,2,25.7
7801,320,2,10.280000000000001
7816,700,1,14.63
7828,492,9,100.0
7831,113,23,1177.02
7832,682,5,18.13
7834,700,1,200.47
7844,606,6,41.129999999999995
7847,698,5,4542.66
7851,700,1,46.68
7852,639,1,2.57
7855,700,1,2.45
7881,633,1,217.87
7888,19,51,580.73
7891,509,2,263.6
7917,641,1,200.29
7923,699,1,830.37
7930,309,1,9.68
7931,699,1,55.93
7932,435,1,27.74
7937,436,2,18.76
7954,523,2,241.27999999999997
7961,699,1,8.6
7967,412,4,209.43
7985,699,1,12.04
8000,699,1,0.86
8001,699,1,0.86
8005,320,4,16.33
8012,699,1,0.6
8016,699,1,3.1
8027,698,2,12.559999999999999
8033,699,2,1712.38
8040,14,1,95.25
8083,157,10,200.02
8089,500,2,23.38
8111,641,5,354.89
8120,249,8,626.01
8123,320,4,16.81
8134,697,3,13.8
8140,699,1,28.12
8143,699,1,284.24
8170,699,1,5.51
8172,641,8,35.11
8175,699,1,284.24
8180,699,5,1192.6399999999999
8194,284,5,66.98
8201,88,18,363.34
8207,500,72,1187.65
8212,599,53,792.52
8224,390,3,24.03
8225,157,45,395.86
8228,11,64,7777.9400000000005
8230,699,1,3.79
8237,641,17,40.88
8266,699,2,111.18
8273,699,1,284.24
8288,283,1,8.67
8301,253,3,70.6
8305,497,2,24.54
8311,435,3,426.34000000000003
8320,699,1,8.6
8365,493,15,118.34
8374,699,2,380.82
8377,11,5,656.1
8382,111,11,1172.33
8391,278,2,223.98000000000002
8403,699,1,5.94
8417,643,7,389.66
8463,249,25,777.8
8486,157,44,1110.46
8489,106,12,2005.32
8511,257,15,215.56
8512,641,2,4.74
8513,641,3,21.36
8518,644,1,3.97
8538,698,2,124.02
8546,16,60,3683.2799999999997
8566,268,7,199.14000000000001
8584,522,2,24.02
8588,411,4,77.88
8591,465,27,387.19
8609,698,2,292.18
8615,657,4,14.34
8624,391,8,566.79
8628,328,1,9.24
8643,604,4,16.39
8649,698,1,356.11
8665,505,21,1193.56
8678,698,1,234.9
8682,698,1,559.46
8699,639,33,182.78
8710,603,1,4.59
8716,249,23,1377.4199999999998
8762,645,5,16.259999999999998
8769,698,1,285.26
8773,698,7,1932.6200000000001
8779,104,6,113.84
8794,698,2,14.03
8802,464,2,141.01999999999998
8803,698,1,137.0
8814,481,11,98.16
8831,11,415,34250.9
8851,328,1,22.49
8863,649,4,120.96
8864,639,5,12.9
8884,638,1,12.79
8915,698,1,4.58
8931,698,3,30.3
8940,698,1,4.58
8951,291,12,259.18
8961,698,1,4.3
8963,432,100,34470.3
8967,670,1,46.11
8983,641,2,19.04
8997,587,10,6257.849999999999
9002,435,1,54.03
9006,641,1,14.41
9007,698,1,7.09
9011,562,72,2688.21
9020,697,3,368.7
9025,277,3,81.43
9030,689,10,244.95
9052,698,1,2.63
9060,466,3,427.05
9072,641,2,67.81
9081,593,2,19.7
9082,264,10,175.59
9083,249,17,155.95
9085,621,4,9.84
9092,697,4,723.02
9134,345,1,14.05
9141,647,8,24.55
9142,435,1,41.31
9156,112,24,508.7
9171,642,2,23.34
9185,698,2,4.14
9199,539,1,12.91
9245,647,5,505.18
9249,629,1,0.0
9270,237,8,337.45
9288,698,1,10.15
9292,698,1,442.06
9302,407,4,20.619999999999997
9339,659,1,6.97
9362,328,1,56.41
9371,209,1,92.46
9389,463,1,33.09
9393,638,5,19.39
9443,641,1,3.51
9459,697,1,3.89
9482,643,6,18.4
9496,641,12,131.62
9508,645,1,3.82
9510,124,8,30.52
9524,480,1,36.03
9541,435,3,79.77
9545,568,5,27.979999999999997
9562,370,2,90.13
9571,319,15,126.86
9575,697,2,276.3
9580,410,2,14.82
9604,494,11,1231.63
9614,697,1,187.2
9618,697,1,33.81
9632,434,1,35.68
9648,275,1,11.04
9656,697,1,587.17
9665,641,9,54.410000000000004
9686,412,12,390.69
9699,480,1,256.74
9726,210,20,278.34
9734,641,2,2.5
9741,634,5,69.48
9742,697,2,221.26
9751,435,1,134.42
9758,697,1,2.07
9761,697,1,8.63
9775,283,7,627.75
9781,697,1,396.11
9793,436,1,32.01
9795,408,4,49.48
9797,673,3,2208.56
9800,697,3,159.99
9810,641,13,18.22
9811,641,5,27.77
9834,641,2,226.05999999999997
9860,322,3,138.91
9917,697,5,584.2
9932,697,4,8.28
9933,642,2,15.94
9949,694,11,33.27
9961,286,36,123.86
9963,697,1,1.53
9964,697,1,63.62
9965,697,1,2.07
9966,697,1,1.53
9989,639,5,14.899999999999999
9999,697,2,202.72
10011,646,1,0.81
10026,15,20,2339.5699999999997
10032,697,1,27.63
10039,697,1,4.32
10046,648,1,6.3
10052,210,21,172.2
10066,697,2,1.46
10088,697,1,1.34
10134,697,1,2.03
10151,298,2,885.13
10174,435,2,119.92
10190,626,5,202.97
10204,640,2,68.02
10272,435,1,157.99
10278,328,1,88.34
10281,696,1,11.2
10306,639,2,11.0
10315,189,5,789.07
10323,638,1,11.59
10330,530,1,21.87
10331,696,1,3.02
10335,642,3,64.64
10339,460,3,883.76
10347,268,2,219.28
10348,644,3,247.39
10349,514,9,53.16
10350,642,1,114.8
10360,696,2,4.4
10362,694,5,185.68
10377,664,3,42.269999999999996
10381,160,22,36577.51
10408,696,2,4.14
10411,669,2,81.77
10419,696,2,3.2800000000000002
10427,679,4,22.21
10436,683,2,15.78
10484,695,1,3.07
10498,563,9,51.37
10507,695,1,414.48
10515,695,1,3.02
10549,281,10,197.44
10551,665,3,3.7
10555,480,20,251.4
10556,643,9,45.35
10558,292,54,532.95
10579,463,54,380.11
10580,694,1,410.4
10617,596,8,86.66
10632,694,3,67.74
10642,320,2,32.64
10648,690,1,2.43
10653,34,24,6159.54
10654,565,256,113925.61
10667,172,2,6.55
10670,534,1,170.46
10678,693,1,11.57
10679,693,3,43.339999999999996
10683,693,4,86.61
10686,693,1,138.1
10688,693,1,8.62
10725,693,1,6.03
10729,287,7,70.12
10730,482,1,110.19
10733,406,5,64.2
10736,669,3,20.2
10764,661,2,16.4
10766,692,1,181.51
10769,638,7,87.25
10774,662,1,177.13
10787,522,2,144.42
10791,692,1,4.33
10816,76,57,497.11
10819,474,31,672.76
10823,691,1,5.62
10825,691,2,2.5
10830,690,2,26.03
10833,623,5,48.7
10834,513,3,31.0
10835,259,11,130.45
10836,686,4,90.50999999999999
10838,643,3,666.46
10841,691,1,2.59
10842,691,1,1.82
10844,659,5,311.99
10850,691,1,4.44
10855,494,2,25.92
10859,490,8,64.94
10881,691,1,138.33
10885,614,16,191.17
10895,690,1,91.06
10896,108,164,12255.71
10906,89,38,1172.49
10913,320,2,9.39
10919,637,4,16.33
10926,641,2,8.6
10927,620,5,25.43
10928,551,9,765.0999999999999
10931,166,5,33.46
10935,623,3,2.21
10941,500,1,4.94
10950,620,2,7.25
10963,640,17,65.53
10994,536,19,138.11
11012,689,1,12.14
11018,689,1,1.91
11021,643,2,13.45
11035,689,1,3.12
11037,643,2,3.05
11042,644,4,27.27
11050,466,1,140.22
11055,689,1,6.94
11065,689,2,9.54
11067,596,2,8.11
11072,616,1,56.9
11090,339,3,41.03
11132,500,1,4.23
11159,687,1,1.22
11172,405,2,17.12
11181,596,10,362.52
11182,687,2,1678.88
11187,376,2,24.64
11190,687,1,5.22
11191,687,1,613.86
11193,510,78,2073.16
11195,687,1,4.34
11206,683,3,91.69
11210,470,34,385.46
11223,687,1,2.61
11224,687,1,1.2
11257,625,7,261.23
11286,686,1,181.34
11298,641,1,7.32
11358,594,11,26.37
11368,684,1,148.76
11378,466,2,246.36
11383,684,1,28.59
11384,642,11,67.37
11398,641,13,43.13
11399,684,1,237.68
11401,684,1,2.2
11406,643,3,12.15
11419,313,1,56.4
11425,11,4,100.88
11426,277,25,2821.33
11448,679,1,59.91
11449,642,2,18.2
11451,683,1,0.48
11453,682,2,1388.61
11457,643,3,464.63
11458,643,4,9.26
11463,523,7,79.28999999999999
11470,683,1,4.39
11473,637,1,3.19
11482,641,3,607.16
11484,682,2,439.24
11485,567,9,147.27
11489,478,21,402.76
11493,641,2,9.4
11498,683,1,2.24
11510,512,1,574.4
11536,252,30,1179.8899999999999
11540,682,1,103.66
11542,596,2,4.38
11546,682,3,100.94999999999999
11548,682,1,10.98
11557,682,2,281.1
11559,432,1,1.8
11579,681,1,2.2
11585,681,1,2.2
11609,564,7,81.55
11613,542,1,137.07
11621,606,4,28.13
11626,681,1,4.38
11627,278,3,466.15
11642,680,1,148.63
11647,271,2,22.439999999999998
11648,676,5,13.200000000000001
11667,680,1,636.32
11669,680,1,317.6
11672,680,1,127.53
11694,680,1,2.2
11699,550,2,39.74
11703,678,2,1679.02
11704,680,1,2.2
11708,680,1,1.14
11719,679,1,8.67
11727,679,1,13.91
11729,328,1,6.47
11735,679,2,6.0600000000000005
11749,679,1,170.17
11757,655,1,16.81
11768,679,1,8.99
11773,643,4,75.44
11784,601,1,108.07
11786,328,2,12.67
11790,678,1,2.84
11794,654,2,17.67
11795,678,1,8.79
11796,678,1,7.91
11806,539,2,14.79
11807,278,6,76.65
11808,678,1,219.99
11811,678,1,2.96
11814,678,2,69.74000000000001
11816,2,51,1641.07
11824,661,3,477.75
11826,518,5,61.98
11832,601,4,35.82
11845,678,1,2.55
11852,678,1,1.21
11855,615,4,165.52
11859,281,14,13520.740000000002
11863,641,3,169.88
11869,328,3,20.95
11871,677,1,48.99
11879,677,1,0.78
11886,677,1,688.0
11894,613,4,60.79
11896,677,1,1.65
11899,677,1,8.7
11901,677,1,5.21
11904,677,1,12.18
11905,677,1,2.0
11906,677,1,11.32
11911,544,3,39.37
11921,677,1,783.8
11930,548,2,1193.1100000000001
11933,677,1,147.17
11950,676,6,14.35
11959,15,6,32.03
11966,665,2,3.97
11971,676,1,10.58
11972,675,2,5.029999999999999
11975,676,1,25.6
11976,676,1,851.7
11981,676,2,35.48
11988,676,1,3.52
11990,676,1,3.31
12013,444,12,889.38
12033,641,5,91.24
12037,675,3,57.410000000000004
12041,675,3,44.94
12045,211,18,112.01
12049,675,1,9.71
12065,138,1,3.82
12069,675,1,2.12
12070,675,1,851.7
12071,277,40,1142.68
12075,675,1,8.82
12081,673,3,31.85
12084,284,14,1143.17
12093,592,10,64.22
12103,675,1,5.29
12107,539,1,50.25
12116,593,2,418.90999999999997
12117,609,8,1501.8400000000001
12121,674,3,63.62
12132,135,3,649.4300000000001
12136,500,10,83.48
12144,290,1,4.13
12145,328,3,195.82
12170,673,1,2.27
12171,512,2,241.56
12178,563,69,20539.86
12179,527,150,24061.11
12180,328,2,12.23
12185,577,1,85.67
12206,353,37,1058.98
12209,403,24,843.85
12211,550,3,25.36
12223,545,13,220.06
12227,665,7,25.33
12237,583,10,104.88
12239,326,19,87.36
12254,327,6,43.91
12263,640,9,25.169999999999998
12268,436,5,114.3
12282,672,1,857.39
12287,614,24,32.94
12289,672,2,6.05
12290,454,21,74.2
12296,672,3,5.15
12317,645,2,2.26
12318,510,12,74.51
12325,276,14,45.31
12326,504,7,1470.1599999999999
12333,592,24,157.01000000000002
12340,328,1,8.67
12351,123,29,587.33
12369,81,8,69.61
12373,559,4,22.38
12375,670,2,616.7
12380,672,1,3.55
12407,671,1,11.09
12417,671,1,0.98
12418,671,2,153.67000000000002
12423,671,1,7.1
12425,479,16,210.53
12431,636,25,101.28
12436,671,3,116.07
12437,671,2,1.1099999999999999
12438,671,1,3.54
12446,671,1,275.36
12447,613,24,824.52
12452,631,5,31.15
12458,132,2,14.629999999999999
12471,671,1,2.22
12474,671,1,0.76
12491,665,1,1148.22
12497,670,1,1.46
12501,670,1,0.98
12503,670,2,3.42
12505,608,8,18.69
12506,670,1,3.54
12509,638,7,46.82
12513,572,19,63.82
12514,670,1,2.65
12517,376,6,49.09
12519,670,1,2.22
12522,670,1,7.08
12524,284,4,18.91
12525,268,5,153.9
12527,601,10,40.3
12528,670,1,0.49
12529,670,1,5.32
12540,39,34,630.41
12548,279,21,534.29
12551,670,2,12.4
12556,670,1,3.54
12557,670,1,2.22
12558,670,1,1.77
12561,670,1,23.91
12563,670,1,4.08
12575,670,2,4.03
12577,670,1,15.94
12590,125,7,39.68
12594,641,49,181.07
12596,641,3,77.91
12606,641,3,46.28
12608,669,1,7.75
12610,669,1,0.62
12611,669,1,14.16
12613,509,7,22.22
12614,669,1,4.08
12620,669,1,3.99
12621,669,1,5.83
12625,634,22,187.36
12627,662,5,14.81
12632,666,4,32.42
12636,280,13,90.06
12637,622,1,10.88
12650,669,4,49.910000000000004
12655,669,1,8.85
12657,669,2,36.239999999999995
12667,643,1,206.58
12671,567,1,4.0
12680,668,1,285.01
12682,637,2,35.65
12684,665,9,555.12
12685,648,4,23.97
12689,277,13,276.27
12690,668,3,8.85
12697,480,29,306.5
12702,668,1,700.01
12703,612,11,0.32
12706,668,5,592.5500000000001
12707,659,1,87.2
12716,668,3,15939.150000000001
12739,284,4,28.75
12740,660,2,4.48
12742,625,2,14.89
12748,582,10,56.54
12758,641,4,6.0
12766,667,1,855.08
12777,276,34,367.99
12780,667,1,194.93
12785,176,7,80.88
12786,576,2,8.190000000000001
12793,526,3,32.97
12798,636,3,37.32
12806,206,10,45.870000000000005
12809,666,1,1.46
12811,666,1,0.49
12813,666,1,345.92
12828,273,1,16.07
12830,187,16,375.40999999999997
12841,641,4,383.76
12852,666,1,4.08
12860,645,6,25.75
12861,666,1,212.87
12877,602,23,168.94
12878,509,4,33.56
12879,665,2,10.42
12880,665,2,24.34
12893,520,6,387.87
12898,651,1,2.87
12899,538,3,68.73
12900,639,22,261.21
12906,476,4,150.81
12907,643,3,13.25
12925,466,14,56.18
12928,461,117,1871.01
12930,134,10,344.12
12933,665,1,16.44
12934,648,2,6.369999999999999
12943,665,1,69.59
12947,599,3,817.16
12948,665,8,588.64
12955,277,6,264.35
12960,664,4,5.84
12961,664,1,1.46
12963,664,3,35.39
12964,461,5,351.84000000000003
12971,664,2,5.84
12974,487,7,82.96
12978,664,1,2.29
12985,645,7,20.630000000000003
12991,664,1,10.8
12999,664,1,8.63
13023,664,1,12.35
13029,552,4,31.240000000000002
13030,664,1,24.44
13031,664,2,5.62
13038,664,1,8.63
13039,639,1,6.87
13042,621,26,273.93
13048,664,1,6.0
13056,507,25,231.61
13073,654,2,12.89
13077,223,12,365.09
13079,663,2,11.08
13080,663,1,3.43
13081,663,1,8.58
13085,663,1,6.87
13114,663,1,3.23
13120,663,1,2.58
13141,641,1,2.98
13146,626,7,49.75
13150,466,59,2771.04
13197,656,7,21.2
13200,662,1,7.27
13204,662,2,4.36
13206,657,2,186.3
13209,662,1,14.61
13213,662,1,0.6
13225,662,2,42.14
13234,642,1,3.64
13235,662,1,163.37
13240,610,5,14.15
13253,505,3,22.39
13254,662,1,3.44
13255,662,2,1.46
13279,630,5,209.04000000000002
13294,661,1,3.43
13295,661,1,6.87
13297,661,1,8.59
13304,659,2,79.14
13306,661,1,0.64
13317,661,1,4.39
13326,643,7,17.66
13335,661,2,13.74
13338,577,8,78.18
13342,500,1,22.49
13347,334,6,101.34
13350,659,1,20.13
13357,661,2,20.62
13382,391,2,29.26
13385,660,2,18.03
13408,615,18,66.12
13425,284,10,146.71
13431,659,1,10.03
13437,279,9,369.98
13438,659,1,0.48
13439,659,1,0.48
13444,659,1,179.62
13446,659,1,162.18
13447,627,12,27.35
13458,602,4,570.26
13475,659,1,23.2
13486,605,2,2.79
13490,437,11,3192.17
13499,645,2,20.41
13500,658,1,26.47
13501,658,1,3.49
13504,658,2,5.24
13506,658,1,6.99
13507,658,1,1.84
13508,658,1,1.84
13516,538,58,597.45
13520,478,1,10.61
13521,658,1,122.53
13527,658,1,277.7
13532,658,1,4.46
13535,435,8,217.12
13536,658,1,3.5
13537,596,1,766.41
13540,481,23,262.32
13548,658,1,180.3
13555,643,4,953.47
13561,657,3,7.99
13562,646,2,5.29
13569,657,2,3466.4799999999996
13575,328,1,6.05
13576,657,1,1.45
13577,657,1,8.77
13579,563,1,188.54
13580,657,1,7.01
13584,470,2,107.11
13588,644,3,18.380000000000003
13590,657,1,4.04
13592,124,3,20.62
13593,502,18,74.58
13594,657,1,3.5
13596,281,10,65.65
13599,657,1,8.78
13603,657,1,21.93
13605,641,4,433.86
13608,657,1,1.76
13612,657,2,53.52
13613,657,1,8.77
13616,657,1,2.24
13617,657,1,2.24
13622,657,1,1.05
13627,657,1,0.97
13629,647,5,5.73
13631,657,3,1.94
13635,657,1,3.94
13639,627,35,677.3
13644,376,25,219.14999999999998
13663,642,6,32.56
13666,229,20,1045.1200000000001
13668,608,4,12.35
13674,642,14,112.94
13677,645,1,3.19
13678,393,12,234.74
13679,656,3,6.1000000000000005
13680,645,2,13.33
13682,656,1,51.54
13684,656,1,6.98
13685,656,1,6.98
13694,656,1,2.53
13698,656,1,480.42
13699,656,1,6.11
13705,656,1,179.93
13709,601,29,14714.880000000001
13713,656,1,6.98
13714,641,2,3.98
13727,645,3,23.330000000000002
13735,581,7,21.34
13736,655,1,2.0
13738,6,51,891.36
13739,577,2,67.79
13744,632,1,4.68
13745,601,10,46.16
13759,655,1,3.55
13760,642,10,1741.71
13762,560,2,8.17
13764,641,2,16.72
13773,641,3,580.36
13777,655,1,1.96
13781,642,1,2.96
13784,655,1,2.09
13786,500,1,10.34
13787,655,1,7.51
13788,655,1,2.66
13793,598,127,30364.97
13794,642,4,24.85
13802,655,2,95.6
13819,109,160,2595.71
13829,649,2,15.68
13831,655,1,13.07
13835,621,3,9.83
13853,480,10,78.12
13855,274,36,732.86
13868,654,1,2.22
13872,88,17,160.41
13876,654,1,0.53
13885,654,1,3.55
13890,654,1,11.83
13892,654,1,7.11
13894,654,1,8.88
13903,654,1,7.11
13910,654,2,31.98
13957,213,44,564.6
13968,602,11,20.02
13972,653,1,7.04
13977,133,1,11.87
13998,636,2,251.36
14005,45,10,54.45
14024,466,1,156.3
14031,652,1,35.63
14034,418,18,785.11
14046,652,1,0.76
14052,652,1,79.29
14081,651,1,5.79
14088,651,1,8.07
14090,651,1,4.01
14095,651,1,5.21
14096,651,3,52.519999999999996
14102,651,1,6.27
14103,647,2,6.16
14105,651,1,9.52
14108,651,2,10.96
14110,591,7,51.65
14116,651,1,0.99
14129,651,1,6.27
14152,651,1,7.16
14174,641,1,7.32
14176,650,1,2.34
14179,547,3,32.68
14181,616,3,11.4
14183,497,3,17.25
14184,650,1,3.94
14190,640,18,407.44
14191,609,10,209.93
14195,644,16,51.01
14213,573,20,201.49
14215,645,1,6.14
14225,650,2,352.84
14236,58,11,136.85
14245,526,1,13.88
14247,650,1,6.74
14255,14,1,24.99
14269,649,1,1.95
14270,407,2,15.510000000000002
14276,647,2,22.67
14279,642,1,4.42
14287,636,2,9.05
14291,649,1,1.72
14297,649,1,53.47
14303,640,13,110.96000000000001
14306,649,1,6.79
14315,622,5,9.06
14322,649,1,615.8
14335,280,4,172.07
14346,641,2,23.52
14376,413,2,312.0
14380,648,1,80.25
14381,648,1,35.97
14399,648,1,2.98
14400,627,4,533.23
14410,445,12,291.26
14420,635,1,6.75
14422,648,1,7.2
14466,648,1,3.57
14480,632,7,149.63
14482,486,7,57.769999999999996
14486,276,4,376.44
14495,648,1,1.79
14496,437,3,181.56
14497,277,4,294.49
14501,648,1,7.2
14512,639,4,15.27
14513,642,9,12.18
14518,524,1,28.4
14527,648,1,7.2
14528,641,6,56.31
14529,384,12,191.38
14546,648,1,0.89
14552,176,5,61.78
14555,648,1,553.97
14561,641,1,570.6
14562,647,3,31.1
14568,504,1,3.24
14569,644,7,53.95
14577,595,3,4.26
14582,641,17,660.55
14588,284,17,262.0
14591,641,1,71.41
14596,648,1,9.01
14607,282,3,692.38
14614,641,1,194.02
14616,648,1,3.78
14619,648,1,3.15
14624,648,2,10.78
14625,11,408,18431.15
14631,413,1,1170.0
14649,118,46,1598.8500000000001
14685,646,2,11.7
14699,435,3,157.82999999999998
14705,479,23,368.53
14708,647,3,22.86
14735,647,1,7.89
14736,640,3,10.41
14741,521,2,25.25
14753,522,10,58.09
14766,622,4,11.98
14782,459,9,109.71000000000001
14786,638,14,49.93
14787,647,1,5.4
14792,502,4,135.10000000000002
14795,643,4,8.89
14803,284,12,126.05
14808,635,7,30.15
14811,647,3,6.5600000000000005
14812,612,10,44.21
14814,553,6,332.12
14815,585,5,26.07
14816,647,1,3.15
14822,642,6,25.26
14825,647,1,8.11
14830,647,2,1.78
14835,264,26,392.84
14836,647,3,6.26
14838,647,1,6.08
14839,647,2,1.78
14846,647,1,1.79
14852,647,3,2.67
14855,644,2,7.55
14858,647,1,0.89
14861,638,17,28.55
14862,647,2,1.78
14866,647,1,5.95
14867,647,1,5.95
14870,647,1,0.89
14872,645,4,27.380000000000003
14873,645,4,19.65
14874,647,4,3.56
14876,55,144,6326.94
14882,647,3,14.280000000000001
14884,647,1,0.89
14893,577,6,97.9
14895,647,1,10.71
14897,647,1,0.89
14900,647,2,1.78
14906,280,32,2035.97
14907,647,1,0.89
14913,31,20,164.79
14917,642,6,18.130000000000003
14924,88,100,3345.75
14926,260,8,60.3
14932,480,14,202.44
14939,602,8,160.6
14940,647,2,7.140000000000001
14941,647,1,15.73
14944,647,1,0.89
14945,647,1,0.89
14948,610,6,10.31
14951,551,40,455.72
14953,647,1,4.5
14966,638,24,60.32
14970,647,2,12.16
14973,647,2,15.76
14978,647,2,6.13
14979,641,9,78.39
14984,640,11,54.64
14990,647,8,109.51
14993,602,11,363.99
14995,297,1,56.81
14998,530,4,23.64
15003,277,20,606.06
15007,277,3,423.98
15012,298,53,5585.13
15013,641,10,36.42
15015,647,5,70.72
15017,641,10,68.34
15025,647,1,54.03
15028,647,1,6.75
15031,642,2,5.4399999999999995
15035,641,6,20.37
15037,647,1,2.98
15040,477,7,114.89
15049,645,2,7.65
15058,645,3,139.25
15060,647,1,3.5
15064,645,2,8.61
15066,278,24,458.72999999999996
15071,642,13,77.38
15074,647,2,15.86
15079,166,18,329.46
15092,647,2,3.23
15094,301,23,130.47
15102,641,9,50.870000000000005
15106,328,1,0.57
15118,642,6,34.68
15126,638,45,95.63
15127,647,6,380.3
15137,640,4,26.310000000000002
15143,647,7,18.9
15155,647,1,8.57
15163,647,1,2.98
15167,647,1,6.75
15173,647,2,6.75
15178,439,13,718.85
15180,638,3,224.29000000000002
15193,584,3,15.01
15198,647,1,7.89
15200,643,4,15.8
15201,647,1,0.77
15214,647,1,3.15
15216,157,1,10.82
15217,647,1,4.96
15224,647,2,1.98
15226,647,6,26.459999999999997
15232,583,6,108.35
15242,642,3,15.559999999999999
15247,506,5,73.14
15255,647,1,0.99
15260,109,41,1147.45
15261,279,1,38.04
15264,540,1,15.85
15269,647,1,1.79
15273,551,1,6.91
15274,647,1,16.22
15278,647,1,0.77
15280,647,2,570.28
15283,509,21,215.3
15285,647,1,7.21
15287,647,1,2.93
15293,647,1,5.38
15299,447,30,498.81
15311,646,2,65.92
15318,644,2,13.28
15321,264,17,146.43
15351,647,1,2.98
15356,399,62,5000.7
15377,101,1,6.59
15390,647,2,6.29
15399,641,1,6.04
15442,280,15,1096.32
15443,646,3,8.790000000000001
15449,646,1,9.01
15453,646,1,3.16
15455,185,1,73.42
15467,135,2,36.08
15468,646,1,3.78
15483,646,1,5.4
15498,431,6,442.18
15512,226,4,674.74
15513,165,22,3467.48
15520,639,2,18.22
15535,157,22,957.55
15560,282,13,119.25999999999999
15574,646,5,1149.65
15575,587,3,27.6
15576,646,3,9.469999999999999
15599,283,11,1141.85
15606,646,8,2111.73
15608,283,11,52.89
15612,646,1,6.75
15622,646,2,15.09
15626,640,3,656.3199999999999
15628,646,1,1.79
15633,646,1,2.93
15634,646,1,0.89
15639,646,1,4.46
15644,646,2,28.14
15646,636,2,4.34
15648,646,2,9.0
15652,646,2,8.82
15655,646,1,0.89
15662,646,1,12.01
15664,587,17,286.18
15668,622,2,34.09
15670,646,1,12.85
15672,135,3,276.63
15689,604,1,64.12
15698,646,1,9.91
15699,641,2,3.87
15710,641,4,14.35
15712,556,9,51.67
15714,328,2,8.5
15717,646,4,53.64
15718,641,4,4.640000000000001
15733,403,57,2773.5
15747,643,4,84.18
15781,646,1,105.5
15788,646,1,0.89
15789,461,1,124.77
15800,435,1,28.61
15809,646,1,2.52
15812,646,3,12.5
15823,646,3,27.45
15826,641,25,495.25
15828,638,1,3.2
15847,646,1,8.57
15852,643,3,158.78
15861,266,11,165.94
15863,646,1,6.75
15885,646,1,5.4
15903,646,1,0.89
15905,328,2,8.29
15910,633,6,247.16
15932,646,1,9.0
15935,500,2,22.48
15959,646,1,54.05
15966,551,17,149.99
15967,646,1,5.4
15972,646,1,0.99
15983,646,1,7.2
15997,236,4,17.75
16004,646,1,1.79
16012,646,1,7.03
16013,646,1,6.76
16026,646,5,100.8
16037,511,4,174.93
16040,637,3,4.76
16049,277,3,40.38
16060,646,2,5.86
16061,646,1,2.93
16064,646,1,2.93
16077,278,10,497.14000000000004
16092,639,2,10.780000000000001
16093,429,6,82.9
16103,642,1,31.98
16108,646,1,9.01
16112,474,1,10.14
16113,646,1,5.4
16114,524,1,10.06
16118,646,1,3.78
16132,644,1,13.48
16140,238,11,328.89
16141,284,19,410.45
16163,237,17,150.79
16165,645,1,3.64
16171,500,2,22.5
16189,645,2,12.29
16229,645,1,3.64
16233,642,6,17.91
16236,644,1,2.92
16242,531,12,47.76
16248,645,3,15.25
16255,644,2,12.21
16257,645,3,6.58
16281,153,59,497.59
16286,400,4,171.63
16288,645,1,3.19
16292,154,23,1611.99
16301,645,1,4.56
16304,166,23,106.19
16306,645,2,13.64
16313,645,1,3.82
16316,645,2,10.88
16318,640,4,49.19
16326,645,1,7.11
16333,645,3,4.5
16334,645,1,13.67
16340,642,3,11.8
16342,645,1,1.72
16345,645,1,3.61
16347,645,1,7.28
16350,276,25,151.9
16356,645,1,0.9
16360,645,1,163.17
16365,641,4,13.0
16368,602,2,114.69
16374,640,3,21.28
16377,645,4,4.67
16383,573,3,94.42999999999999
16384,643,3,26.13
16385,645,1,5.46
16391,645,3,5.04
16396,640,33,162.17
16403,641,4,17.93
16405,641,4,124.75
16408,387,21,141.72
16414,645,1,7.74
16418,645,1,7.28
16419,610,4,19.86
16422,645,2,5.92
16426,645,2,1.8
16429,616,6,8.06
16430,637,19,116.66
16436,172,20,589.36
16444,645,1,1.81
16446,645,5,9.99
16449,561,2,6.51
16451,284,4,33.28
16452,645,2,30.94
16454,645,2,14.39
16460,643,4,27.560000000000002
16461,637,16,509.25999999999993
16463,322,1,71.98
16464,645,1,6.83
16491,595,9,21.18
16492,645,3,22.39
16498,645,1,0.9
16504,500,1,130.49
16508,628,5,154.01
16517,645,1,2.96
16518,645,1,4.56
16528,645,2,1.8
16534,623,6,15.010000000000002
16545,18,1,19.08
16552,642,4,45.99
16557,596,12,408.36
16562,640,3,10.5
16563,645,1,8.2
16566,645,1,0.9
16569,645,1,1.37
16574,153,2,40.98
16577,500,3,174.76999999999998
16587,386,7,16.23
16593,328,5,11.42
16594,645,2,10.2
16595,623,2,2.7
16603,645,1,2.54
16606,645,1,6.38
16623,645,2,9.1
16644,645,1,3.92
16645,635,3,109.39
16651,577,6,442.28000000000003
16654,641,3,136.29
16657,320,10,25.020000000000003
16662,645,1,7.37
16665,645,2,54.66
16675,283,4,23.080000000000002
16678,645,1,7.28
16681,645,1,5.46
16687,645,1,3.18
16695,620,1,45.03
16701,645,1,61.48
16709,645,1,4.55
16712,284,3,187.76
16720,645,1,1.91
16725,645,1,1.91
16727,645,1,1.91
16729,643,3,10.49
16730,645,2,7.28
16744,416,5,51.2
16755,111,2,115.15
16767,641,1,12.61
16769,645,1,9.11
16776,645,2,45.28
16798,639,4,25.05
16804,644,1,1.57
16840,645,2,26.92
16877,643,2,16.990000000000002
16897,642,5,34.62
16916,587,1,0.0
16929,644,1,98.86
16945,644,1,246.29
16949,644,2,19.76
16957,644,1,5.84
16968,643,1,6.6
16985,644,2,3.58
16994,644,3,17.61
16997,642,7,18.58
16998,644,1,7.01
17005,375,1,160.11
17008,624,6,39.33
17016,644,1,5.39
17022,168,18,129.29
17023,644,3,15.09
17065,627,6,37.120000000000005
17070,644,1,22.66
17073,642,4,22.57
17074,644,1,3.14
17086,644,1,3.77
17089,285,1,1149.0
17092,644,1,2.92
17100,495,4,16.380000000000003
17101,643,4,29.34
17103,644,1,206.81
17107,644,1,4.94
17127,638,5,139.98
17146,636,6,24.61
17167,640,1,6.87
17168,644,2,5.35
17176,644,3,13.71
17182,641,5,28.42
17184,644,1,35.96
17185,644,3,13.47
17186,644,1,7.18
17187,642,6,15.43
17189,644,1,26.97
17192,485,6,105.36
17204,498,12,148.26999999999998
17235,644,1,12.13
17236,257,50,37247.42
17238,11,163,16936.92
17242,642,5,9.01
17247,277,51,1354.98
17248,435,1,9.39
17249,643,2,26.98
17250,642,1,3.18
17258,494,6,738.2
17259,642,3,123.28999999999999
17263,644,2,1.96
17268,638,36,146.27
17271,642,5,43.440000000000005
17273,644,3,594.99
17279,644,1,183.9
17283,644,1,5.39
17284,171,4,4.97
17287,642,5,44.68
17288,644,1,97.03
17297,644,1,49.24
17305,644,1,6.74
17306,643,5,47.2
17307,644,1,6.74
17317,643,5,34.47
17324,602,6,73.07
17327,644,1,8.63
17345,417,7,109.56
17347,644,1,50.35
17356,641,6,59.9
17364,565,3,25.91
17366,644,6,531.13
17368,599,13,3860.0
17370,579,5,120.24
17376,641,4,13.66
17386,480,3,18.5
17390,644,1,1.04
17391,644,1,1.04
17393,631,6,58.69
17394,644,1,7.18
17399,636,9,11.69
17401,644,3,20.22
17408,594,6,24.29
17420,642,9,8.07
17438,639,6,644.01
17452,641,2,3.52
17465,644,1,5.4
17468,466,9,852.99
17477,616,2,3.3
17487,644,2,20.12
17495,641,3,108.81
17497,644,2,15.74
17510,644,1,26.3
17515,275,8,211.9
17520,644,1,2.97
17523,644,2,2.08
17525,644,1,7.87
17539,399,9,348.53
17540,644,5,54.36
17592,644,1,2.92
17604,283,8,555.4300000000001
17606,644,4,10.86
17611,644,1,6.01
17614,642,2,100.22
17616,643,2,1.58
17619,640,2,13.870000000000001
17625,643,3,26.03
17655,644,1,1.26
17675,643,4,264.05
17684,347,8,180.51999999999998
17687,642,1,3.26
17696,642,1,3.19
17698,644,1,3.6
17707,644,1,17.98
17728,639,1,12.65
17738,554,23,225.83
17762,395,16,233.69
17784,643,1,2.92
17809,643,2,5.84
17838,643,1,292.56
17854,643,3,299.31
17907,585,5,320.79
17916,643,1,164.99
17924,641,1,35.74
17927,643,1,12.12
17929,643,1,229.03
17966,279,4,38.480000000000004
17968,641,2,6.3100000000000005
17987,376,1,8.02
18010,643,1,2.14
18021,284,1,12.26
18027,643,1,10.78
18030,531,6,386.86
18032,643,1,1.44
18035,172,2,219.12
18058,623,5,355.83
18065,641,7,169.57000000000002
18069,592,7,195.65
18075,480,21,1019.9200000000001
18084,464,18,80.45
18092,595,2,6.84
18094,573,12,133.64999999999998
18096,643,2,5.84
18097,643,2,97.81
18106,643,1,2.92
18107,587,11,152.32
18110,466,2,5.52
18112,643,2,37.72
18124,635,3,324.4
18130,643,1,8.53
18131,643,5,14.6
18135,581,5,18.869999999999997
18162,627,4,214.48000000000002
18190,643,3,8.879999999999999
18191,643,1,3.79
18198,643,20,113.4
18202,291,13,184.70999999999998
18206,643,7,10.98
18219,643,1,0.85
18222,643,2,6.28
18233,320,2,14.68
18235,642,5,6.790000000000001
18236,638,2,61.839999999999996
18243,643,1,0.75
18259,643,6,12.600000000000001
18282,643,1,8.42
18287,47,90,13511.35
18292,192,2,76.03
18296,643,11,329.76
18301,600,2,325.48
18305,642,2,338.33
18310,643,2,26.74
18313,643,1,5.39
18334,643,2,256.65
18336,643,1,7.18
18337,643,2,15.88
18345,642,1,2.96
18353,643,8,1466.42
18360,641,5,27.4
18384,145,72,5838.81
18385,622,7,40.79
18387,643,1,5.12
18393,643,1,2.92
18394,328,1,0.98
18397,643,4,13.83
18405,643,1,1.57
18425,642,6,193.9
18431,643,1,1.27
18432,643,2,0.7
18436,643,1,5.38
18451,643,2,532.48
18452,535,22,129.6
18456,207,1,7.66
18461,640,4,25.509999999999998
18469,499,8,17.5
18475,601,4,466.62
18484,642,1,55.45
18486,545,7,22.46
18489,643,2,12.94
18490,643,1,2.92
18497,643,2,40.410000000000004
18503,277,4,396.32
18504,643,1,0.88
18520,637,18,161.71
18545,643,1,328.02
18552,222,1,152.04
18554,538,9,41.4
18556,641,8,1030.36
18557,534,2,21.11
18604,600,4,14.14
18606,643,3,42.69
18610,643,2,3.58
18618,284,23,2307.9
18631,643,2,16.5
18633,322,46,1833.94
18641,641,1,54.29
18646,643,1,295.22
18655,643,2,352.1
18676,643,1,298.2
18698,641,9,9.73
18699,643,1,4.48
18703,643,7,182.56
18707,643,1,1.27
18708,643,1,206.58
18719,643,1,179.19
18722,435,5,218.9
18728,643,1,8.97
18746,643,2,93.86
18752,641,5,30.14
18756,456,10,107.95
18764,643,1,132.1
18765,494,14,103.76
18766,643,2,1.78
18767,643,7,3.1799999999999997
18772,643,1,2.92
18779,280,39,3135.43
18780,643,3,0.81
18783,641,6,1904.2800000000002
18792,631,3,23.400000000000002
18797,642,2,236.87
18800,643,4,12.02
18815,643,4,140.6
18816,643,2,206.56
18821,642,3,16.5
18823,408,1,31.79
18832,643,1,6.73
18835,643,1,196.81
18841,643,2,466.28000000000003
18849,563,5,19.29
18855,643,1,147.3
18856,643,1,4.94
18861,279,49,6128.88
18863,643,2,340.99
18869,643,1,140.91
18873,284,9,1071.29
18879,643,2,1.8
18884,466,21,1690.16
18888,643,1,26.94
18890,643,1,0.9
18893,643,1,8.42
18906,643,2,273.01
18908,642,2,5.26
18915,643,1,11.23
18918,643,2,178.41
18923,638,5,33.42
18936,643,2,14.36
18944,643,1,7.0
18946,643,1,17.92
18951,642,4,84.45
18960,643,2,7.28
18969,284,15,189.35
18981,543,15,296.08
18983,643,1,5.12
18988,643,10,1119.1
18989,411,3,55.1
18991,284,8,192.2
18993,437,6,107.80000000000001
18996,643,1,570.77
18999,639,2,8.8
19001,643,1,3.59
19006,641,6,64.75
19012,643,1,3.64
19016,643,3,15.219999999999999
19018,258,10,95.55
19021,643,1,5.38
19025,643,1,2.21
19026,282,5,25.69
19040,643,2,8.120000000000001
19044,643,1,2.92
19060,539,1,13.53
19102,643,1,6.13
19121,643,1,4.48
19142,642,9,31.15
19145,643,1,0.93
19158,643,1,1.39
19162,328,1,9.4
19163,643,1,1.55
19165,639,2,13.56
19175,200,9,74.71
19176,479,17,73.57
19187,328,2,19.25
19200,643,1,18.85
19210,643,1,5.03
19213,500,8,34.55
19217,643,3,17.669999999999998
19218,643,1,0.82
19220,600,3,36.93
19230,643,1,8.32
19231,642,1,0.64
19248,643,1,1.26
19261,641,8,33.24
19263,158,10,2905.36
19286,643,1,2.58
19288,643,6,2.4000000000000004
19289,643,3,505.18
19306,643,1,0.81
19314,275,20,340.51
19315,643,1,1.48
19319,559,1,14.89
19330,105,1,20.16
19333,643,1,8.97
19353,643,2,4.48
19365,643,1,44.91
19395,643,1,6.73
19405,379,45,1426.29
19422,643,1,1.57
19439,642,7,11.81
19440,642,1,1.59
19449,642,3,24.69
19461,595,4,19.12
19479,639,1,6.04
19490,642,1,7.97
19493,641,4,55.75
19494,642,1,189.68
19524,642,1,0.83
19526,642,1,5.46
19529,103,2,56.33
19535,642,1,8.19
19536,642,1,5.46
19539,612,6,75.4
19540,642,1,12.29
19544,616,4,33.45
19560,17,2,27.28
19578,642,1,237.08
19593,642,2,11.84
19598,642,1,2.96
19625,642,2,11.5
19631,640,15,25.39
19634,312,8,100.24
19635,639,1,5.5
19637,642,1,17.77
19643,642,1,0.82
19655,642,1,1.5
19656,642,1,6.7
19665,522,3,33.86
19668,642,3,31.04
19675,518,6,67.56
19676,642,2,12.0
19678,640,5,28.580000000000002
19681,642,1,0.64
19700,641,12,424.34999999999997
19708,276,2,34.81
19714,642,1,2.96
19732,642,2,5.92
19734,642,1,0.82
19736,640,1,4.77
19739,280,10,1061.55
19747,642,1,13.78
19753,642,1,4.95
19754,642,1,189.68
19763,154,27,424.8
19776,642,1,163.86
19777,565,4,28.6
19778,642,2,7.27
19780,642,1,1.28
19787,642,6,98.77999999999999
19788,623,2,20.34
19798,641,2,3.8
19805,365,1,107.31
19811,263,6,103.59
19821,642,1,1.59
19822,642,1,7.28
19829,642,1,4.2
19838,642,1,31.98
19856,642,5,277.71
19859,642,1,12.83
19862,640,1,115.5
19863,642,1,12.29
19865,642,1,6.83
19871,642,1,1.59
19878,642,2,1.64
19884,640,1,8.48
19886,641,7,1876.05
19898,596,4,27.88
19919,642,1,1.81
19933,642,1,8.88
19949,642,1,6.7
19954,642,1,4.1
19965,642,4,13.48
19976,642,1,3.19
19984,381,1,3.2
19989,642,2,649.0899999999999
19990,642,1,0.91
19994,532,5,138.42
19996,642,2,2.55
20003,640,5,185.8
20004,633,4,11.719999999999999
20016,497,3,27.490000000000002
20024,580,2,19.86
20026,642,2,10.96
20027,642,1,10.93
20037,642,1,25.92
20045,642,2,297.56
20049,531,8,43.85
20052,642,2,10.8
20054,642,3,20.490000000000002
20068,642,1,2.96
20073,282,66,2695.22
20077,642,5,40.82
20080,287,26,307.32
20086,640,1,19.36
20090,637,2,6.08
20102,183,11,795.9300000000001
20110,642,1,0.94
20124,642,1,5.47
20130,642,1,237.08
20154,642,1,3.19
20166,639,2,13.71
20169,603,6,822.24
20174,234,4,32.010000000000005
20187,261,52,997.85
20198,280,34,426.89
20204,494,24,144.35000000000002
20211,642,1,7.28
20214,472,49,1590.29
20216,641,2,7.98
20218,642,1,0.98
20224,642,1,9.1
20230,642,2,53.83
20233,642,2,5.92
20242,642,1,0.83
20245,642,4,64.89
20249,628,7,110.44
20250,642,1,0.98
20254,642,2,19.67
20267,642,1,7.28
20276,642,1,121.34
20278,642,1,1.24
20296,642,1,55.45
20304,638,27,392.13
20310,284,1,78.49
20312,641,3,4.08
20314,642,1,117.86
20315,640,6,30.04
20317,641,2,14.2
20325,641,2,18.98
20328,642,1,7.82
20337,642,1,4.26
20341,629,3,12.23
20346,642,1,4.69
20350,642,1,2.29
20351,626,4,25.91
20355,642,1,33.53
20360,642,1,1.92
20366,629,6,68.34
20368,642,1,141.79
20369,642,2,9.719999999999999
20372,640,5,209.38
20375,641,12,69.09
20385,642,2,9.09
20399,642,1,1.24
20402,642,1,4.55
20405,642,1,8.54
20414,642,3,242.19
20433,642,1,231.5
20437,642,3,264.96000000000004
20442,642,2,49.08
20451,642,1,681.21
20470,277,8,1993.1599999999999
20471,642,1,103.5
20475,517,5,148.3
20484,434,1,32.7
20488,642,1,7.28
20492,209,1,35.03
20506,328,1,10.13
20507,277,1,183.78
20518,278,9,110.65
20519,565,2,16.54
20521,642,1,9.91
20530,642,1,6.83
20532,642,2,306.29999999999995
20537,642,4,28.27
20546,642,4,10.44
20547,283,4,82.64
20567,642,2,324.06
20581,642,1,0.77
20583,279,10,531.16
20592,642,2,49.16
20593,590,6,55.61
20598,641,4,85.1
20604,642,1,5.7
20611,638,7,64.39
20616,642,1,9.11
20619,642,3,13.649999999999999
20622,634,4,38.18
20625,642,2,16.38
20634,604,8,71.01
20643,641,3,10.610000000000001
20664,642,1,13.26
20669,642,1,9.06
20687,641,3,5.87
20696,284,2,22.82
20713,642,1,130.44
20726,642,2,38.08
20732,642,1,1.05
20750,642,1,18.21
20759,642,1,11.38
20766,639,2,15.36
20773,642,1,6.37
20787,642,1,2.62
20788,197,3,32.17
20790,642,1,4.1
20804,189,3,13.080000000000002
20808,642,1,1.59
20831,135,1,4.22
20835,641,2,23.58
20851,641,3,10.27
20863,642,5,94.03999999999999
20866,639,3,37.37
20874,464,3,38.85
20880,99,13,478.65
20890,642,2,44.9
20898,642,1,2.92
20909,642,1,7.97
20923,641,1,3.48
20929,642,2,24.58
20933,642,1,2.96
20935,641,13,53.559999999999995
20941,642,1,2.46
20945,642,1,4.55
20958,451,1,4.31
20963,480,10,109.02
20993,635,13,130.09
21024,641,7,89.97999999999999
21025,642,1,2.79
21030,642,1,8.55
21039,641,1,17.02
21057,641,3,36.12
21070,108,14,2315.71
21078,642,1,263.33
21085,642,4,30.52
21092,642,2,6.52
21101,169,7,282.02
21105,642,1,7.97
21106,642,1,10.93
21133,642,1,9.11
21135,641,1,53.65
21156,641,10,4449.7
21181,640,4,13.86
21182,466,8,381.68
21195,642,1,6.56
21197,642,2,17.48
21215,641,1,2.37
21218,642,1,2.96
21220,642,2,6.1899999999999995
21224,641,3,25.56
21230,606,1,6.94
21232,642,1,4.55
21246,642,1,6.38
21262,641,1,5.5
21268,641,2,4.46
21281,590,3,21.37
21282,500,1,125.99
21294,639,1,6.04
21323,623,1,16.09
21326,641,2,25.2
21351,453,2,15.54
21365,641,1,271.39
21377,641,2,8.47
21385,641,2,88.24000000000001
21404,641,1,36.66
21416,54,21,931.44
21437,409,3,65.94
21448,641,1,2.15
21495,379,1,161.94
21516,568,1,4.91
21520,641,1,18.32
21527,641,1,6.88
21538,640,1,1.25
21544,641,1,13.74
21557,602,22,263.01
21564,641,2,43.9
21588,277,1,401.98
21605,275,4,666.6
21611,641,1,3.02
21626,463,9,2139.23
21639,641,4,139.24
21693,463,2,168.66
21696,607,1,2.28
21730,476,1,184.65
21733,641,1,18.32
21782,639,2,13.56
21788,614,2,7.76
21793,641,2,6.07
21804,641,1,3.56
21806,328,1,1.17
21854,641,1,2.98
21866,641,3,22.54
21882,474,5,165.18
21891,570,1,26.62
21895,641,1,1.25
21896,277,9,179.99
21916,641,1,6.05
21925,641,1,50.37
21936,641,1,1.4
21953,641,1,13.55
21954,641,3,8.22
21955,641,1,6.74
21956,641,3,21.81
21965,615,6,72.17999999999999
21975,641,1,210.83
21986,639,2,10.72
21991,641,1,7.15
21998,435,2,19.38
22004,641,2,3.98
22006,641,1,4.4
22008,641,1,3.67
22012,641,2,8.940000000000001
22019,641,1,5.06
22022,641,4,12.559999999999999
22026,641,2,10.3
22041,641,2,6.5
22055,500,1,9.45
22057,322,6,894.15
22058,641,3,58.41
22066,640,1,8.24
22078,641,7,343.3
22096,641,1,6.88
22099,641,3,67.26
22102,641,5,15.14
22105,533,4,304.04
22111,641,1,5.49
22112,567,10,103.97
22117,641,1,3.21
22120,641,2,15.58
22124,554,2,9.18
22130,172,6,261.81
22138,641,1,8.94
22161,37,9,1739.57
22174,465,8,63.97
22179,641,1,39.56
22192,225,1,12.05
22201,641,2,9.3
22209,641,1,5.49
22210,641,1,3.94
22212,531,8,88.19
22221,641,1,1.1
22243,641,4,45.24
22246,641,5,59.15
22251,641,4,14.64
22256,641,1,9.16
22274,641,7,32.8
22279,641,1,238.51
22292,436,1,6.21
22300,641,1,10.99
22301,641,5,22.28
22307,641,1,9.16
22311,641,4,26.11
22314,641,1,152.63
22319,395,2,14.24
22341,611,5,13.11
22345,641,1,7.33
22349,641,2,3.2
22351,641,1,4.13
22395,641,1,7.32
22402,641,1,5.73
22413,641,1,8.25
22421,641,1,3.39
22435,641,1,1.38
22454,641,7,106.24000000000001
22473,641,5,10.63
22492,641,3,13.169999999999998
22494,391,10,231.42000000000002
22496,80,76,35277.25
22497,524,1,8.84
22512,641,1,17.02
22515,641,1,55.78
22523,641,7,25.59
22554,575,4,33.05
22568,639,1,2.15
22570,641,1,3.56
22577,641,1,8.25
22590,641,4,29.84
22592,641,3,27.490000000000002
22632,641,2,3.33
22644,638,3,4.8
22653,641,1,1.73
22660,66,5,39.87
22663,435,1,137.03
22676,641,1,10.31
22707,641,3,4.5200000000000005
22712,641,2,25.22
22724,641,2,22.0
22733,641,1,7.05
22743,641,2,20.15
22749,116,29,5094.84
22752,640,4,36.58
22776,641,1,3.67
22777,641,1,11.83
22785,539,1,9.92
22792,641,3,5.47
22802,320,5,22.76
22810,639,4,28.810000000000002
22811,641,4,26.14
22823,641,1,2.98
22828,89,16,125.21000000000001
22829,641,9,289.89
22836,641,3,8.94
22851,640,2,14.64
22898,641,3,11.27
22900,641,1,4.13
22909,641,2,14.28
22913,641,2,11.89
22914,641,1,5.5
22926,641,2,2.98
22951,640,4,12.280000000000001
22954,640,1,8.24
22958,641,4,18.32
22981,641,2,7.16
22988,641,1,6.6
22994,641,2,101.84
22996,641,2,2.98
23000,438,1,10.33
23021,635,4,37.41
23029,525,7,68.44
23037,274,1,5.64
23044,436,1,8.86
23058,430,1,96.6
23064,641,1,2.15
23078,641,2,10.16
23109,641,1,319.29
23110,641,1,6.87
23117,641,1,216.09
23130,641,3,158.75
23148,641,2,100.74
23153,641,1,475.18
23156,116,1,80.62
23167,641,1,2.98
23168,641,1,210.61
23189,638,2,19.6
23220,629,1,2.62
23224,641,2,111.06
23227,641,1,0.62
23246,641,1,0.62
23255,641,2,18.02
23257,641,1,105.11
23261,641,1,31.17
23278,109,8,228.06
23284,641,2,3.58
23298,640,2,24.740000000000002
23323,641,1,4.58
23326,641,1,2.09
23331,641,1,227.2
23349,270,4,53.629999999999995
23363,641,2,11.86
23368,641,2,34.46
23374,615,3,10.31
23385,641,1,8.02
23401,110,4,101.08
23410,641,1,18.32
23415,641,4,64.99
23422,641,1,55.78
23434,641,2,86.6
23435,606,6,218.5
23466,641,3,8.81
23483,641,9,334.74
23484,641,3,19.77
23501,641,4,11.92
23540,641,1,149.33
23546,641,1,16.49
23549,497,4,783.3499999999999
23556,277,4,125.13
23558,641,1,104.13
23602,641,5,17.59
23607,641,1,3.48
23622,641,1,359.28
23631,635,1,0.0
23641,641,3,1276.03
23660,641,1,4.22
23665,511,3,27.450000000000003
23674,641,1,330.01
23678,641,2,13.280000000000001
23693,641,3,269.49
23702,624,20,241.79
23704,641,2,308.0
23709,641,1,159.73
23711,641,1,4.22
23720,641,10,1168.57
23737,641,1,10.99
23742,641,1,133.94
23756,641,1,1.51
23766,277,5,1119.68
23785,641,1,691.13
23787,641,1,23.95
23795,641,2,196.34
23797,423,2,1387.49
23798,641,1,3.28
23819,641,2,5.96
23836,536,1,5.95
23843,641,1,2.37
23851,641,3,32.04
23865,641,2,1.38
23910,641,1,70.05
23916,641,1,2.38
23921,634,1,1.28
23923,499,16,503.29999999999995
23928,641,1,8.59
23934,641,1,5.49
23947,641,1,2.48
23956,641,1,1.82
23970,641,1,98.17
23982,641,2,15.940000000000001
23991,641,3,8.25
23997,641,1,2.72
24008,641,2,67.06
24011,641,1,47.16
24021,641,1,6.19
24046,638,1,10.06
24055,252,3,346.07
24082,11,2,33.4
24089,585,6,70.34
24091,15,16,464.19
24100,641,3,17.669999999999998
24113,641,1,1.79
24123,551,7,46.27
24130,641,2,5.03
24144,641,2,206.1
24156,403,2,31.18
24180,641,1,58.18
24192,641,2,5.96
24193,284,6,2403.1
24195,641,1,9.16
24200,421,3,52.53
24216,641,1,1.51
24248,231,2,23.76
24265,641,3,47.519999999999996
24273,641,1,5.04
24288,482,1,20.99
24291,641,1,4.4
24298,162,3,85.01
24306,640,3,13.74
24351,641,1,3.56
24366,641,1,216.09
24373,641,1,40.68
24385,641,2,10.44
24393,284,1,8.09
24413,605,4,22.86
24416,500,9,80.50999999999999
24431,641,1,3.66
24434,641,1,98.17
24448,641,4,74.8
24458,641,1,7.32
24462,641,4,623.8
24463,641,1,2.98
24464,412,3,127.32
24466,641,1,0.9
24499,641,2,7.84
24503,11,29,4137.45
24525,395,8,63.4
24541,641,5,178.6
24547,641,1,9.74
24553,641,1,3.38
24560,641,1,38.13
24562,640,1,18.32
24571,574,6,1870.12
24574,641,1,2.98
24600,640,9,75.63
24609,112,5,283.68
24620,639,4,86.13
24652,641,3,62.730000000000004
24665,641,1,10.99
24679,641,1,3.67
24684,641,2,16.04
24696,167,3,795.4300000000001
24704,334,1,133.67
24714,577,2,7.2
24717,641,1,2.66
24722,641,1,5.49
24737,641,4,32.06
24752,641,2,29.3
24760,641,1,10.08
24762,641,1,4.49
24783,641,3,31.17
24810,641,1,24.38
24825,154,6,98.42000000000002
24827,640,3,18.05
24846,641,1,18.11
24857,641,1,3.39
24904,629,7,121.12
24905,640,1,748.3
24919,640,1,5.96
24968,640,4,10.46
24983,640,4,141.52
24984,640,1,16.0
24989,435,2,94.16
25018,640,2,8.23
25064,640,3,158.01
25085,451,2,11.120000000000001
25109,328,2,12.91
25116,640,1,266.75
25119,640,4,315.82
25130,429,1,7.1
25139,640,1,3.94
25150,327,14,89.25
25152,640,1,1.28
25171,173,33,5651.9
25176,280,2,13.81
25204,614,1,5.03
25205,640,4,17.32
25208,448,17,364.22
25230,640,1,2.98
25240,640,1,18.32
25261,264,37,369.22
25264,640,5,24.810000000000002
25268,640,5,41.26
25271,634,2,3.98
25277,640,2,0.92
25279,636,2,230.07999999999998
25282,640,2,6.42
25283,640,1,1.49
25286,640,1,221.69
25301,640,3,13.96
25313,640,1,203.32
25314,11,154,8270.4
25320,640,2,9.89
25325,640,1,9.17
25349,640,1,55.78
25360,640,1,63.11
25365,640,3,34.38
25368,640,4,25.79
25374,618,3,77.65
25379,436,1,14.55
25382,640,4,11.92
25386,435,1,27.31
25395,595,2,25.21
25396,640,1,6.87
25401,635,2,11.82
25424,640,2,8.7
25430,640,1,3.44
25448,640,7,24.36
25457,640,1,18.32
25458,640,1,104.13
25459,640,2,9.16
25460,640,1,0.69
25469,595,4,94.89
25480,640,1,7.98
25481,640,2,10.64
25508,640,1,7.32
25517,640,1,5.96
25526,640,2,6.6
25531,640,3,10.17
25546,640,2,8.68
25568,328,3,22.97
25576,640,2,0.18
25600,640,1,1.28
25602,640,1,6.69
25609,640,2,22.0
25612,639,3,13.56
25631,205,3,11.08
25642,640,1,1.6
25674,411,3,25.62
25681,640,1,3.56
25686,635,3,8.46
25687,116,1,61.61
25689,640,1,10.07
25705,640,1,9.16
25712,640,1,7.32
25719,640,1,19.8
25740,640,2,3.2
25744,640,1,1.1
25749,633,3,9.100000000000001
25761,639,3,9.4
25764,640,2,28.5
25772,640,1,4.22
25783,581,3,36.72
25857,638,3,51.980000000000004
25869,640,1,6.04
25886,640,2,7.78
25912,640,1,115.5
25919,640,1,3.39
25935,639,2,10.08
25937,639,1,4.58
25958,639,1,6.88
25960,639,1,3.21
26026,466,1,128.53
26077,395,1,147.0
26085,639,1,8.22
26093,598,4,14.580000000000002
26094,639,2,11.74
26095,547,1,22.15
26098,528,4,18.24
26118,619,2,178.46
26123,639,2,9.58
26136,14,37,1026.47
26137,507,1,10.43
26150,464,2,12.42
26151,636,1,115.08
26154,251,4,14.33
26156,249,1,38.53
26162,429,9,25.29
26172,639,1,12.65
26188,639,2,239.92
26194,639,2,22.92
26218,173,5,77.32000000000001
26220,500,1,12.86
26224,522,1,23.93
26241,500,1,31.05
26258,568,1,14.89
26278,639,1,6.05
26302,639,1,5.04
26325,605,4,549.15
26341,639,1,4.13
26342,435,3,92.07000000000001
26345,379,1,13.42
26371,639,2,10.96
26372,639,2,19.04
26382,639,1,6.42
26388,639,1,9.16
26393,639,5,32.3
26400,639,1,7.56
26408,328,4,9.15
26426,639,7,57.75
26428,13,36,3536.1600000000003
26436,639,1,2.7
26440,639,1,5.04
26447,276,2,156.5
26448,100,12,299.6
26457,639,1,4.13
26458,546,1,20.67
26459,639,1,7.23
26469,546,1,20.67
26475,639,1,5.49
26476,320,2,16.310000000000002
26482,639,2,9.36
26485,639,2,9.36
26489,545,4,24.4
26501,639,1,13.74
26503,284,13,888.4399999999999
26504,639,1,7.21
26505,639,10,48.32
26509,639,1,5.49
26519,636,4,11.33
26521,639,1,4.13
26527,551,108,22082.989999999998
26542,639,1,5.5
26545,548,1,16.17
26547,639,1,15.22
26551,639,1,7.32
26575,639,2,22.92
26580,548,1,74.51
26595,548,1,16.17
26600,639,1,6.41
26630,521,36,320.5
26640,639,1,1.74
26659,615,3,5.9399999999999995
26689,639,2,20.52
26725,639,1,27.49
26731,639,1,50.42
26745,639,5,489.75
26765,639,4,28.24
26800,78,16,2732.03
26834,638,1,7.12
26881,18,3,104.16
26893,179,15,2255.66
26924,638,2,66.74
26926,520,2,7.66
26940,464,5,551.43
26942,548,3,374.65999999999997
26947,638,4,528.9300000000001
26957,599,7,31.93
26970,435,1,6.19
26974,638,1,8.59
26975,638,2,9.56
26985,638,1,15.13
26988,534,4,33.53
26995,638,1,6.86
27005,234,9,114.25
27009,635,2,27.03
27010,276,3,652.31
27015,277,5,47.78
27022,105,1,228.84
27028,638,3,10.14
27034,586,3,30.97
27043,619,7,56.83
27044,638,1,8.05
27050,638,15,277.43
27054,539,1,7.0
27066,259,6,87.38000000000001
27069,638,1,106.97
27071,135,9,31.810000000000002
27087,392,8,211.92
27092,545,4,24.4
27109,638,1,3.55
27119,638,1,3.93
27143,518,1,4.28
27151,544,3,16.44
27161,568,4,0.68
27167,638,2,16.0
27175,328,42,759.71
27181,638,1,10.96
27185,638,3,29.25
27249,637,1,2.15
27257,511,2,593.74
27258,637,2,10.96
27260,637,1,9.13
27263,410,5,44.21
27266,480,5,39.38
27270,637,2,8.22
27280,637,1,3.19
27286,637,1,7.29
27294,287,11,93.41
27342,637,1,880.03
27343,637,2,12.76
27353,322,1,91.37
27378,637,2,136.92
27382,637,1,1.28
27388,637,1,880.03
27396,69,2,15.1
27433,636,32,92.92
27436,636,1,2.19
27437,636,1,115.08
27447,636,1,3.54
27458,603,3,6.880000000000001
27474,636,1,8.59
27480,621,7,32.41
27484,219,4,2432.68
27487,636,1,54.71
27503,636,1,4.38
27507,636,2,9.85
27510,636,1,0.91
27511,636,1,2.73
27519,636,2,2.92
27522,328,1,1.8
27526,465,21,2647.89
27531,585,1,0.0
27538,636,1,8.21
27576,320,2,48.980000000000004
27596,635,2,232.26
27602,600,2,13.7
27605,635,1,113.5
27617,635,2,376.94
27619,582,9,1105.34
27629,284,8,389.3
27637,622,9,15.66
27643,635,1,2.69
27652,601,2,0.02
27661,456,80,905.04
27663,635,1,4.05
27670,635,1,5.14
27683,635,1,8.1
27684,613,2,6.46
27699,634,2,29.14
27711,599,2,11.8
27723,634,1,26.89
27724,613,9,53.72
27748,634,1,11.71
27764,634,1,11.4
27767,634,2,27.26
27779,622,1,7.18
27781,634,1,4.1
27797,633,1,63.09
27814,633,2,21.049999999999997
27815,633,1,2.69
27819,633,1,7.97
27828,633,1,5.93
27830,633,1,114.85
27839,633,1,1.31
27842,284,6,1367.59
27845,633,1,4.1
27855,570,3,0.0
27856,546,6,95.71
27862,310,3,11.93
27867,500,5,58.849999999999994
27903,632,3,8.76
27910,632,2,5.46
27925,632,1,4.55
27959,631,2,8.54
27963,529,1,25.71
27988,631,1,5.99
27997,328,3,17.87
28021,627,1,2.16
28047,630,1,2.44
28051,630,2,121.11000000000001
28063,630,2,4.3
28070,596,11,191.92000000000002
28071,630,1,9.04
28082,630,1,6.33
28093,630,1,6.33
28095,324,15,2937.94
28099,284,13,1720.03
28104,630,1,3.61
28116,630,1,2.94
28126,505,3,344.19
28145,629,1,3.5
28148,518,66,9724.51
28149,629,2,1.36
28152,391,3,19.25
28154,505,9,73.19
28155,629,2,15.12
28160,627,2,72.52
28163,629,1,5.64
28166,629,1,1.35
28167,629,1,230.14
28188,626,2,11.75
28191,116,47,14255.05
28196,617,2,14.48
28201,600,3,37.94
28205,613,3,12.21
28208,629,2,15.94
28220,628,1,113.78
28224,628,1,2.09
28233,560,3,13.11
28235,628,1,9.01
28238,607,9,303.92
28243,276,15,381.98
28245,627,2,4.47
28251,628,1,36.11
28256,480,8,3320.91
28264,628,1,5.41
28272,543,1,213.41
28275,628,1,4.51
28280,607,5,5.5
28284,628,1,4.06
28308,628,1,2.62
28313,556,7,46.089999999999996
28326,628,1,5.41
28341,627,1,2.6
28354,626,4,5.11
28360,320,2,3.67
28364,627,1,154.37
28375,627,3,2.7
28379,617,3,10.96
28413,627,2,16.16
28420,627,1,6.73
28457,444,7,67.27
28462,600,45,10292.27
28468,626,1,5.84
28470,626,1,113.14
28471,621,3,36.15
28481,626,1,14.36
28491,626,1,2.69
28498,407,5,80.92999999999999
28499,527,4,100.88
28532,625,5,217.02
28540,625,1,8.08
28560,625,1,113.14
28568,166,48,4485.59
28571,328,1,9.8
28581,277,4,467.17
28610,623,1,113.28
28618,624,1,115.41
28637,135,72,6053.0
28645,624,1,7.32
28648,624,1,210.67
28655,153,9,592.9100000000001
28674,623,1,8.54
28679,320,9,17.0
28683,600,2,428.1
28690,623,1,2.11
28697,619,1,10.41
28705,623,1,58.44
28718,620,2,25.939999999999998
28728,284,1,90.15
28733,621,2,35.33
28752,622,1,4.94
28757,622,1,4.49
28761,557,3,14.649999999999999
28767,622,1,206.78
28772,622,1,268.34
28777,622,1,23.38
28796,622,1,7.18
28799,622,1,672.17
28804,622,1,5.39
28805,430,14,2237.8700000000003
28811,538,2,18.76
28824,622,1,3.49
28837,621,1,6.82
28851,621,1,4.55
28852,621,1,4.54
28871,621,1,5.82
28896,605,4,3104.52
28905,150,7,19.06
28920,609,2,0.84
28925,620,1,15.39
28926,620,2,4.19
28929,606,2,4.77
28932,620,1,26.96
28939,620,1,4.46
28942,620,1,1.19
28946,593,3,20.83
28948,618,1,2.79
28951,620,1,8.36
28952,600,121,31730.0
28955,620,1,759.08
28956,596,1,11.57
28957,620,1,6.5
28960,565,3,1713.07
28961,620,1,645.26
28962,620,1,599.78
28975,620,2,31.62
28979,620,1,4.64
28991,619,1,56.77
29002,620,3,1340.5500000000002
29004,620,1,6.13
29005,620,2,13.92
29008,620,1,117.16
29009,581,4,3269.27
29012,620,1,26.5
29019,619,2,21.6
29027,619,1,172.95
29031,619,1,1.53
29032,349,12,210.4
29035,614,5,44.56
29037,95,6,78.08
29042,619,1,5.81
29044,614,5,39.92
29045,581,2,181.36
29046,619,1,13.02
29050,619,1,7.43
29053,529,4,24.4
29064,619,2,8.92
29092,283,5,28.67
29093,619,1,5.11
29097,619,1,117.16
29119,618,1,51.14
29133,538,1,5.49
29138,435,3,80.01
29174,604,15,7391.84
29182,386,13,120.82
29184,617,1,4.45
29185,279,6,60.95
29193,617,1,185.32
29196,617,1,116.74
29197,617,1,597.65
29198,617,1,822.9
29200,599,31,7628.52
29204,617,1,1.39
29231,617,1,10.19
29232,617,1,10.18
29234,617,1,116.74
29235,550,6,27.93
29253,617,1,116.74
29267,616,1,115.65
29278,616,1,12.38
29297,616,1,2.74
29298,616,1,11.01
29303,612,2,6.43
29313,616,1,211.11
29317,616,1,1.51
29332,615,1,1.21
29334,615,1,1.21
29335,615,1,572.5
29347,511,2,22.4
29349,615,1,173.51
29358,615,1,41.97
29359,109,7,98.97
29361,383,3,347.51
29364,615,1,73.23
29366,276,5,242.26
29392,614,1,68.58
29396,614,1,105.29
29399,449,3,15.48
29407,614,1,170.29
29409,291,2,50.18
29411,483,30,24277.62
29413,374,3,36.400000000000006
29416,614,1,747.4
29417,614,1,10.98
29419,614,2,5.48
29455,608,3,10.879999999999999
29465,613,10,32.53
29474,613,1,0.42
29476,291,10,5076.3
29477,610,2,7.18
29483,613,1,1.95
29487,613,1,12.5
29491,586,3,33.97
29495,613,1,2.32
29499,529,5,28.04
29507,613,1,1.3
29508,613,1,1.3
29524,613,1,29.18
29543,612,2,13.89
29546,612,1,6.94
29548,116,50,5141.64
29549,612,1,6.94
29550,612,1,18.52
29553,612,1,6.94
29558,612,1,18.52
29566,612,1,1.95
29573,612,1,7.4
29575,612,1,18.52
29581,612,1,822.82
29583,612,1,1.53
29584,612,2,144.99
29591,577,4,30.86
29594,545,1,12.28
29597,521,4,487.93000000000006
29605,612,1,2.27
29608,612,1,4.62
29623,611,3,8.93
29685,610,1,2.73
29688,610,1,2.73
29689,580,3,33.0
29690,610,1,182.7
29694,610,1,1.51
29716,610,2,12.79
29720,609,2,10.67
29734,609,1,756.22
29736,397,6,260.72
29738,609,2,17.36
29742,609,1,756.22
29745,609,1,12.22
29754,609,2,157.48
29757,607,9,34.77
29759,464,8,189.56
29765,609,1,1.71
29766,599,2,25.43
29771,277,2,752.8
29772,604,1,444.7
29774,609,1,18.52
29776,609,1,6.94
29815,608,1,6.95
29817,608,1,2.64
29821,602,3,783.09
29826,110,43,2908.0499999999997
29829,608,1,307.66
29831,608,3,8.07
29832,608,3,10.88
29841,608,1,37.06
29848,608,1,64.14
29850,608,1,312.07
29861,585,3,5.94
29864,608,2,6.539999999999999
29865,608,1,2.14
29869,558,6,47.010000000000005
29893,607,1,1.63
29895,607,1,64.13
29904,607,1,2.56
29906,607,2,625.96
29913,600,3,63.07
29914,607,1,1.63
29920,607,2,18.56
29926,607,1,1.85
29957,606,1,4.62
29959,606,2,45.58
29961,606,1,12.74
29965,606,1,1.53
29966,606,1,1.53
29970,605,8,1526.82
29973,606,1,893.24
29982,606,1,8.71
29985,606,1,312.0
29987,606,1,13.89
29990,291,38,1870.54
29994,606,1,6.3
29996,606,1,776.13
30003,602,1,2.59
30004,606,1,157.5
30008,606,1,5.55
30014,279,1,93.13
30023,605,2,1552.26
30026,605,1,0.69
30027,328,1,33.67
30033,605,1,355.08
30035,605,1,894.07
30039,396,1,131.46
30044,605,1,213.09
30051,605,1,7.5
30056,605,1,213.09
30058,605,1,185.29
30063,603,35,11580.85
30073,605,1,355.08
30077,605,1,894.07
30097,605,1,49.48
30110,605,1,44.47
30112,326,10,72.73
30118,604,1,147.3
30122,604,3,46.32
30130,604,3,30.03
30131,566,19,11599.08
30139,604,1,107.46
30142,596,2,26.39
30143,604,1,213.09
30145,604,1,6.54
30148,604,1,4.26
30158,604,1,4.62
30183,535,16,128.81
30206,602,5,37.81
30211,601,2,7.32
30214,551,3,48.59
30221,603,1,156.51
30236,602,4,16.69
30237,603,1,8.75
30241,603,1,211.75
30249,603,1,2.31
30250,603,1,116.0
30253,281,1,1.94
30261,603,1,211.75
30288,596,2,5.699999999999999
30298,602,1,18.55
30300,602,2,108.1
30306,602,1,6.96
30307,602,1,15.77
30310,596,26,10188.48
30313,533,6,517.02
30314,192,18,728.8
30317,602,1,2.72
30319,602,1,2.72
30320,602,1,2.72
30321,602,1,2.72
30322,602,2,6.61
30323,602,2,6.61
30324,602,1,2.72
30325,602,1,2.72
30327,602,1,2.59
30328,284,2,272.21000000000004
30329,602,1,5.51
30331,602,1,107.63
30334,602,1,1.53
30337,602,1,3.89
30343,134,66,5261.86
30360,601,1,5.53
30362,601,2,10.41
30364,601,1,137.29
30366,601,3,17.21
30368,596,7,31.07
30371,601,1,5.58
30372,452,11,1042.82
30379,601,1,211.19
30380,519,2,9.07
30393,601,1,336.45
30394,284,19,579.3
30400,454,7,266.36
30401,320,2,9.780000000000001
30405,601,1,108.07
30406,601,1,5.58
30410,601,1,116.46
30423,362,29,1880.46
30449,280,4,376.32
30454,522,11,4520.11
30457,600,1,2.69
30463,127,9,146.5
30465,116,309,61721.1
30467,400,7,486.84000000000003
30478,451,6,54.56
30479,600,1,1.49
30480,537,5,51.199999999999996
30484,227,3,19.759999999999998
30487,600,1,107.67
30489,508,22,321.12
30490,596,4,26.16
30496,600,1,92.74
30506,600,1,7.24
30514,572,2,20.869999999999997
30521,600,1,4.63
30543,571,2,21.5
30544,599,1,4.52
30545,599,1,63.88
30549,518,2,44.440000000000005
30551,599,1,9.41
30566,599,1,3.6
30571,599,1,107.06
30572,412,7,146.32
30573,599,1,108.9
30574,598,2,712.56
30577,599,1,107.06
30578,599,1,107.06
30579,599,1,107.06
30581,599,1,107.06
30582,599,1,107.06
30583,599,1,107.06
30584,599,1,107.06
30585,599,1,107.06
30586,599,1,107.06
30587,599,1,107.06
30588,599,1,107.06
30589,599,1,107.06
30590,599,1,107.06
30591,599,1,107.06
30592,599,1,107.06
30593,599,1,116.29
30594,599,1,107.06
30595,599,1,107.06
30596,599,1,107.06
30598,599,1,107.06
30600,599,1,107.06
30602,598,2,5.73
30605,574,8,120.82000000000001
30607,599,1,9.23
30610,599,1,6.46
30633,598,1,4.97
30635,598,1,107.06
30637,598,1,107.06
30641,598,1,2.76
30653,598,2,39.84
30677,509,2,286.72
30688,381,2,14.54
30692,597,2,5.9
30706,597,1,1.94
30736,367,1,69.29
30749,597,1,116.29
30752,597,1,116.29
30756,597,1,11.06
30763,596,1,7.31
30772,571,3,1004.99
30776,596,1,35.77
30777,596,1,35.77
30778,596,1,6.04
30783,596,2,424.5
30789,596,2,83.44
30790,596,1,203.1
30793,596,2,18.3
30795,596,1,80.51
30796,596,1,1.83
30797,596,1,1.83
30802,463,1,82.27
30805,596,5,47.52
30807,596,1,203.1
30809,596,2,1532.82
30810,596,1,869.16
30816,596,1,308.09
30831,278,7,506.18
30833,596,1,106.12
30852,595,1,107.66
30860,595,1,204.28
30870,595,4,66.27
30872,561,3,110.51
30875,595,1,211.64
30887,476,13,2242.5
30895,465,7,185.38
30896,322,1,142.59
30916,594,1,7.77
30919,594,1,869.72
30923,594,1,9.15
30940,594,1,5.03
30945,463,74,2083.81
30958,593,1,106.79
30959,178,2,16.47
30963,593,1,171.24
30969,593,1,6.63
30972,556,19,1199.49
30975,593,2,28.5
30980,505,2,370.1
30981,386,1,102.08
30983,463,9,120.87
30989,593,1,10.13
31017,592,1,199.93
31018,592,1,105.41
31019,116,13,2356.68
31021,592,1,105.41
31022,592,1,105.41
31025,90,1329,41269.92
31028,592,1,105.41
31037,564,7,92.7
31039,283,7,434.81
31054,592,2,7.94
31089,591,1,5.82
31098,591,1,6.81
31100,591,1,4.53
31104,591,1,8.18
31119,327,1,98.88
31222,456,7,1456.9
31233,589,1,151.65
31243,589,1,57.43
31245,589,1,15.7
31274,276,1,98.67
31289,588,1,52.09
31290,588,1,566.62
31292,588,1,115.14
31308,433,2,21.12
31324,588,1,15.54
31331,585,2,19.950000000000003
31342,39,3,181.01999999999998
31345,107,4,54.78
31349,106,11,296.25
31350,107,5,73.21000000000001
31352,102,4,199.28
31355,115,49,1366.37
31358,587,1,3.98
31366,581,2,493.09000000000003
31367,587,1,10.85
31373,587,1,10.38
31383,586,3,879.59
31388,116,2,275.74
31395,587,1,27.1
31415,530,1,9.56
31426,547,3,1826.4099999999999
31439,62,7,77.14999999999999
31440,335,6,1095.78
31448,586,2,41.66
31449,42,193,10124.18
31458,581,1,4.05
31460,275,58,2136.53
31463,554,1,263.7
31477,586,1,9.51
31478,322,13,264.69
31483,586,1,62.68
31520,283,49,2362.77
31521,283,8,768.6500000000001
31525,585,1,2.1
31585,584,2,19.7
31587,584,1,111.92
31588,584,1,9.36
31610,584,1,10.29
31614,584,3,108.53999999999999
31619,539,1,46.95
31633,557,3,20.02
31637,584,3,34.83
31651,435,5,145.5
31652,583,1,12.09
31663,195,2,16.08
31680,543,1,114.99
31691,583,1,112.81
31732,98,1,314.41
31756,582,1,18.2
31771,582,2,1801.58
31776,582,2,23.15
31777,582,2,1819.8
31794,582,1,93.72
31808,582,1,22.52
31816,582,2,25.46
31827,582,1,239.76
31830,581,1,870.43
31836,581,1,13.53
31841,581,1,870.43
31842,581,4,1194.62
31870,581,1,135.3
31880,557,12,50.04
31890,581,1,2.44
31891,581,1,73.96
31917,580,1,5.07
31923,580,1,4.45
31925,553,3,919.56
31929,580,1,14.24
31931,580,1,302.77
31943,580,1,9.35
31952,580,1,6.32
31958,532,26,22811.899999999998
31960,580,3,25.77
31964,278,2,25.770000000000003
31965,580,1,8.45
31969,269,51,2418.84
31977,580,1,26.27
31991,579,1,858.37
31993,579,1,10.23
32007,565,1,3.04
32008,579,1,302.43
32012,579,1,16.81
32029,579,1,84.49
32034,496,12,1128.49
32049,578,1,85.67
32056,578,3,30.75
32063,578,1,85.67
32073,578,1,85.67
32082,95,49,1547.44
32086,578,2,174.96
32090,561,1,0.0
32103,578,2,13.43
32104,11,180,11648.14
32136,577,3,27.599999999999998
32167,574,1,86.26
32173,577,2,749.48
32178,500,3,378.78
32225,412,2,13.700000000000001
32242,576,1,12.0
32250,575,1,9.95
32252,563,1,86.11
32253,576,1,6.76
32265,576,2,19.64
32283,576,1,11.27
32327,575,1,18.09
32349,575,1,15.32
32351,575,5,47.400000000000006
32369,575,2,1041.32
32372,575,1,140.29
32387,190,9,1775.26
32397,356,18,465.11
32416,347,69,4215.9
32427,572,7,5428.92
32430,574,1,86.26
32434,574,1,88.08
32435,574,1,86.26
32441,574,1,86.26
32450,284,9,2054.96
32452,574,1,27.23
32453,570,5,429.34000000000003
32458,574,1,5.89
32459,574,1,88.08
32463,574,1,86.26
32467,574,1,760.72
32470,574,1,694.69
32474,525,5,1874.69
32479,574,1,6.45
32489,573,1,85.52
32490,567,2,170.71
32493,322,3,467.92
32494,574,1,86.26
32500,574,1,86.26
32501,574,1,875.5
32503,552,4,269.03
32510,571,1,84.3
32538,573,1,11.69
32539,573,1,85.52
32541,573,1,185.45
32546,538,3,40.44
32548,266,8,173.99
32567,573,1,13.44
32569,566,2,111.77
32570,573,1,9.54
32571,573,1,85.52
32573,573,1,18.01
32581,573,1,85.52
32584,573,1,85.52
32586,571,4,35.75
32588,573,1,85.52
32592,573,1,85.52
32600,573,1,85.52
32603,573,2,397.9
32609,138,8,177.01
32636,529,3,255.14999999999998
32641,572,1,6.3
32662,572,1,111.79
32676,299,1,3.8
32677,572,1,13.96
32678,572,1,5.77
32679,572,1,84.28
32682,572,1,9.31
32684,572,1,86.06
32685,572,1,205.84
32689,572,1,84.28
32691,572,1,84.28
32734,571,1,221.87
32744,571,1,41.89
32745,571,1,84.3
32748,560,3,173.51
32751,571,1,84.3
32752,571,1,84.3
32757,283,13,1874.2800000000002
32762,571,1,84.3
32772,571,2,410.01
32774,571,1,84.3
32777,571,1,111.82
32779,571,1,168.62
32783,571,1,28.0
32805,570,1,86.08
32830,111,5,142.4
32840,570,1,168.62
32841,570,2,4180.57
32852,570,1,10.65
32858,570,1,86.08
32892,363,34,14025.289999999999
32895,569,1,154.42
32919,565,1,208.97
32921,261,3,565.99
32937,280,4,167.22
32943,569,1,9.32
32955,328,1,0.57
32964,568,1,85.71
32967,88,18,798.51
32975,568,1,85.71
32994,568,1,85.71
33010,235,5,135.91
33019,539,3,32.49
33054,314,55,827.66
33064,567,1,10.31
33076,567,1,14.22
33082,567,2,19.9
33090,567,2,18.04
33091,565,1,84.04
33092,60,36,951.74
33094,567,2,15.58
33097,567,1,7.55
33101,567,3,24.55
33112,567,1,744.72
33113,567,1,309.37
33116,567,1,6.48
33120,567,1,744.72
33137,555,3,31.54
33155,566,1,14.28
33162,566,1,11.6
33166,566,1,3.57
33170,511,11,143.26
33176,566,1,4.73
33183,566,1,8.48
33190,262,8,157.48000000000002
33198,566,1,84.85
33207,470,10,191.75
33220,32,29,1624.6499999999999
33236,565,1,172.62
33243,565,1,84.04
33245,565,3,15.899999999999999
33249,565,1,7.72
33255,565,1,44.86
33264,565,1,181.72
33265,565,1,8.0
33266,504,6,3410.89
33290,300,5,37.18
33292,565,2,8.12
33297,565,1,2.26
33315,565,2,6.32
33326,565,1,2.26
33351,560,2,98.2
33355,564,1,86.11
33364,328,2,6.1
33375,564,1,5.88
33403,564,1,759.38
33416,277,8,1209.01
33417,564,2,18.94
33421,556,3,37.74
33427,564,1,10.88
33442,564,1,86.11
33492,563,1,86.11
33500,563,1,86.11
33506,563,1,87.92
33512,563,1,4.98
33515,563,1,87.92
33519,329,3,13.18
33529,475,1,11.99
33567,562,1,86.11
33596,562,1,361.69
33597,165,8,152.60999999999999
33659,562,1,18.12
33690,561,1,86.45
33693,561,2,1803.08
33694,561,1,86.45
33698,561,3,151.03
33702,561,3,18.66
33706,561,2,17.0
33708,561,2,17.0
33711,561,1,29.58
33714,561,2,17.46
33716,561,2,15.64
33719,561,1,4.55
33722,561,1,3.61
33724,561,1,8.19
33726,561,1,15.93
33727,561,1,43.23
33733,561,2,17.189999999999998
33736,561,3,35.59
33764,561,3,21.419999999999998
33805,560,1,126.51
33809,513,8,297.62
33830,328,1,8.8
33891,559,1,7.21
33896,559,1,5.42
33898,552,1,38.87
33903,559,1,85.73
33904,559,1,6.41
33912,559,1,12.36
33916,559,1,888.05
33919,559,1,121.84
33920,559,2,16.86
33924,559,1,10.86
33929,559,1,10.86
33937,559,2,16.86
33938,559,2,20.38
33948,559,1,18.05
33973,559,1,99.27
33978,559,2,23.1
34021,554,3,432.62
34031,558,1,5.69
34039,558,1,330.23
34054,558,1,3.49
34056,558,1,4.45
34065,558,1,18.35
34071,532,1,24.65
34078,558,1,21.56
34096,557,1,10.46
34101,557,1,4.05
34104,557,2,15.82
34106,557,1,895.82
34115,557,2,9.06
34120,557,1,309.54
34126,557,1,88.3
34133,557,1,295.88
34142,320,2,23.68
34188,556,2,88.75
34191,348,1,9.21
34194,441,4,407.24
34196,556,2,7.44
34197,556,1,55.58
34202,556,2,7.44
34228,556,1,86.48
34243,328,2,9.190000000000001
34249,556,1,136.56
34265,555,1,36.48
34287,555,1,14.56
34294,555,1,8.18
34323,371,7,56.06
34332,554,1,13.91
34350,554,1,235.5
34355,554,1,10.45
34377,533,10,92.33
34393,399,9,117.35999999999999
34407,135,1,4.56
34424,553,1,86.56
34425,553,1,4.42
34429,553,1,7.29
34430,553,1,50.66
34439,553,2,9.46
34442,553,2,13.86
34446,553,4,153.36
34448,553,1,5.01
34454,526,3,258.31
34456,552,4,2738.7
34460,190,14,154.46
34461,553,1,9.3
34464,553,2,22.72
34465,524,5,99.27000000000001
34487,482,7,843.19
34500,546,12,1244.07
34516,435,1,30.98
34541,552,1,4.98
34543,552,1,9.69
34546,552,1,9.69
34549,552,1,9.69
34550,552,2,14.66
34551,552,2,15.5
34553,552,2,9.22
34555,552,2,81.54
34558,552,2,24.44
34571,274,8,110.33000000000001
34573,526,3,34.38
34576,548,2,1283.67
34580,552,1,86.06
34584,552,2,26.7
34604,552,2,17.22
34606,552,1,86.06
34610,552,4,39.86
34635,477,2,93.0
34641,551,1,5.07
34648,551,1,25.59
34649,551,1,87.58
34675,551,1,275.17
34684,551,1,10.59
34685,322,26,521.35
34686,551,2,517.71
34700,551,3,20.759999999999998
34714,550,2,184.32999999999998
34717,446,14,121.10000000000001
34721,551,1,22.13
34761,551,3,156.27
34779,550,2,15.98
34782,550,1,4.97
34790,550,1,10.38
34794,550,2,19.84
34800,550,1,6.14
34806,550,1,12.92
34816,550,1,5.86
34823,528,5,236.14
34826,550,1,269.99
34850,550,2,20.04
34863,285,2,408.03
34868,550,1,849.1
34874,241,11,2291.84
34916,549,2,112.0
34918,549,1,17.15
34926,549,2,15.52
34929,280,5,35.55
34949,549,1,6.59
34950,328,1,1.63
34954,549,1,606.11
35002,549,1,681.98
35029,548,1,10.84
35031,548,1,13.82
35052,548,2,12.7
35081,282,1,38.99
35097,548,1,681.98
35110,548,1,2.08
35114,83,10,174.85
35118,539,1,25.73
35119,548,2,36.14
35125,517,4,2755.18
35145,547,4,352.2
35152,547,1,5.75
35154,488,4,2098.61
35158,547,1,406.92
35167,547,1,8.66
35179,547,1,10.26
35180,547,2,15.68
35181,547,1,4.56
35190,547,1,88.49
35210,547,1,612.22
35227,283,7,1090.21
35259,533,3,14.48
35280,515,3,2452.09
35296,546,3,30.450000000000003
35298,546,1,402.33
35326,546,1,10.37
35361,546,1,360.83
35392,490,11,133.29
35396,545,1,9.21
35400,545,2,9.38
35404,545,2,23.44
35428,545,1,10.84
35439,545,1,13.82
35443,536,5,260.15999999999997
35452,410,3,34.92
35490,545,3,20.41
35494,545,1,290.0
35525,544,1,150.45
35528,509,4,49.37
35529,476,3,257.1
35531,544,2,29.88
35533,544,1,9.33
35543,544,1,9.06
35549,398,4,37.900000000000006
35563,544,1,86.09
35576,416,2,33.1
35582,544,1,86.09
35584,544,1,86.09
35593,544,2,18.98
35649,434,3,87.06
35650,543,2,18.86
35666,543,2,103.02
35673,109,4,111.22
35675,543,1,57.86
35676,430,1,109.16
35685,466,2,17.45
35697,543,1,9.2
35698,18,56,703.11
35713,543,1,57.86
35724,543,2,20.98
35727,540,5,70.03
35743,501,1,224.97
35749,343,35,3849.82
35757,535,1,7.42
35762,543,2,34.96
35780,76,3,232.62
35817,413,3,2604.0
35819,542,3,88.32000000000001
35826,502,2,26.88
35834,328,1,19.62
35836,542,1,137.07
35837,542,1,87.38
35840,501,4,854.96
35880,276,4,21.12
35884,542,1,5.89
35891,542,4,39.72
35927,541,2,24.33
35936,541,2,51.5
35977,541,1,132.46
35986,379,2,145.89
36019,541,9,814.55
36023,540,7,1926.3
36074,540,1,152.49
36075,540,1,152.49
36084,540,1,5.96
36085,438,13,1839.29
36100,537,8,122.38
36108,328,3,107.94
36122,540,2,242.51
36126,328,1,2.04
36134,503,2,7.56
36212,89,4,25.67
36233,539,1,59.14
36261,539,1,125.5
36267,539,4,37.84
36269,539,1,56.43
36275,539,1,207.66
36277,539,1,10.16
36280,341,4,54.93
36282,539,1,10.37
36283,539,1,22.57
36288,539,4,38.96
36296,538,3,674.74
36297,436,3,48.510000000000005
36302,539,1,2.8
36307,539,1,10.16
36309,539,2,11.72
36311,539,1,10.16
36312,539,1,59.14
36316,539,3,102.39
36317,283,7,330.07
36324,514,4,52.46
36331,539,3,190.95
36353,417,9,11664.27
36377,539,1,9.93
36382,511,1,89.52
36390,279,6,157.68
36400,523,2,7.16
36402,535,3,0.0
36403,464,5,81.68
36404,525,3,1.35
36410,535,3,0.0
36441,538,1,10.07
36457,538,1,8.42
36461,538,1,5.94
36464,538,1,3.07
36471,538,1,136.38
36477,538,1,10.52
36481,538,1,182.14
36486,447,4,58.88
36488,538,1,16.02
36490,538,1,17.16
36491,538,3,181.23
36498,328,1,175.22
36522,538,1,232.47
36540,328,1,4.91
36563,509,6,161.12
36583,538,1,6.86
36649,537,2,16.14
36655,537,1,10.2
36658,537,1,10.2
36661,537,2,88.32
36663,537,1,10.2
36665,537,1,608.4
36667,503,2,448.46
36672,537,2,516.76
36684,537,1,72.54
36693,537,1,56.67
36702,490,15,308.72999999999996
36709,537,1,4.99
36712,537,2,70.54
36722,537,1,86.13
36764,537,2,13.78
36765,537,1,296.19
36800,536,1,136.56
36807,536,1,89.81
36810,536,1,4.58
36834,536,1,9.16
36844,536,1,5.03
36845,525,2,19.54
36848,463,8,117.5
36849,536,2,43.08
36857,536,1,87.06
36876,522,3,549.51
36878,536,1,57.28
36885,536,1,901.83
36892,536,1,7.33
36911,535,1,136.56
36913,526,5,1735.2
36930,535,1,26.12
36933,535,3,27.450000000000003
36938,535,1,299.39
36974,535,1,12.83
36975,535,2,18.78
36988,535,1,9.03
36997,516,2,23.06
37005,535,1,25.2
37007,9,47,777.41
37011,93,22,1773.59
37092,529,1,10.37
37131,533,1,6.84
37135,501,1,11.61
37143,533,1,133.67
37147,533,1,5.92
37158,533,2,95.58
37165,533,1,9.57
37166,533,1,211.67
37167,533,1,7.75
37189,491,2,16.32
37211,222,103,109663.54000000001
37225,528,9,325.38
37245,320,4,22.52
37274,525,2,123.97
37281,328,1,5.97
37296,532,2,156.0
37305,528,1,125.42
37318,532,1,156.88
37321,532,1,31.37
37322,530,2,317.25
37335,530,5,135.41
37350,532,1,123.91
37361,532,1,27.79
37362,532,1,10.98
37406,519,3,893.35
37410,531,1,4.23
37411,507,7,29.84
37413,531,2,20.14
37423,531,1,13.5
37434,528,3,20.35
37442,531,1,811.56
37458,531,2,9.86
37472,328,2,13.98
37475,83,3,20.25
37514,530,2,13.76
37515,530,1,10.93
37516,530,1,18.76
37522,530,1,406.34
37524,530,1,364.44
37531,530,1,896.51
37543,530,1,9.57
37560,530,1,10.47
37586,529,1,21.66
37591,529,7,591.57
37654,497,12,479.66
37665,529,1,9.47
37688,529,1,85.71
37707,494,2,922.79
37737,529,1,73.09
37770,528,3,119.64000000000001
37791,383,2,121.3
37798,528,1,17.59
37810,528,1,9.02
37811,528,1,12.41
37818,528,1,29.78
37823,328,1,2.2
37825,104,5,446.63
37834,528,1,9.02
37841,259,1,14.39
37887,528,1,12.63
37926,527,1,17.59
37960,368,2,309.16
37977,527,2,14.08
37979,527,3,20.31
37980,527,2,13.54
37999,465,133,35417.12
38009,526,1,149.63
38025,391,5,54.86
38029,526,1,473.23
38035,105,17,290.48
38041,526,2,20.18
38058,526,1,27.02
38067,526,1,306.48
38092,509,3,196.23
38102,526,1,16.9
38115,526,1,9.01
38117,494,41,16979.48
38118,322,3,549.9599999999999
38131,6,2,13.72
38154,525,1,188.14
38196,497,2,145.81
38198,445,1,172.14
38229,514,1,10.18
38231,525,1,11.68
38255,517,2,372.65
38264,522,2,361.85
38271,312,6,62.6
38282,422,6,199.73000000000002
38292,524,1,4.85
38300,524,1,4.77
38313,524,2,335.1
38314,524,1,9.71
38320,517,2,28.95
38321,524,3,29.130000000000003
38324,524,2,18.48
38331,524,1,5.74
38337,524,2,20.32
38341,524,1,13.26
38343,524,1,14.85
38347,397,2,11.11
38371,375,2,726.46
38383,524,1,7.21
38399,524,10,1124.46
38403,273,18,2860.0899999999997
38407,524,1,42.16
38439,280,1,11.02
38501,523,1,23.91
38503,523,1,142.52
38519,403,2,13.38
38529,384,8,202.88
38561,88,21,526.79
38566,284,1,9.81
38589,500,1,15.3
38595,367,1,2.23
38612,523,2,21.8
38627,281,1,97.54
38632,523,1,882.64
38643,523,1,130.96
38655,269,2,17.02
38694,523,1,7.27
38704,284,7,162.21
38752,521,1,12.1
38755,515,2,23.92
38756,328,2,17.59
38757,449,1,402.77
38761,158,1,25.46
38800,520,1,2.92
38801,523,1,359.41
38858,523,2,931.97
38871,466,6,88.55
38875,523,1,74.45
38893,522,1,23.93
38931,522,1,20.65
38950,522,1,20.65
38981,522,1,12.84
38988,522,2,196.67000000000002
38994,522,1,24.14
39004,522,2,34.12
39010,522,1,5.83
39011,522,1,366.43
39016,522,1,552.92
39017,522,1,85.29
39023,449,10,107.16
39026,522,1,359.16
39058,513,1,578.63
39069,522,1,152.63
39080,522,2,72.06
39082,522,1,7.36
39084,513,2,1131.01
39096,522,1,187.66
39098,522,1,549.65
39104,522,1,471.4
39123,522,1,112.24
39167,380,1,8.06
39182,283,3,28.020000000000003
39187,521,1,100.56
39192,498,6,104.16
39198,521,1,864.67
39199,521,1,149.05
39206,444,15,168.13
39207,283,2,196.24
39213,521,3,610.55
39221,417,80,30989.2
39239,521,1,8.53
39260,521,1,709.33
39266,521,1,243.11
39337,520,1,254.1
39357,520,1,14.91
39358,473,20,440.90000000000003
39387,520,1,17.06
39389,328,2,11.6
39390,520,1,8.84
39400,520,1,10.15
39433,431,1,4.33
39481,516,7,72.58
39490,519,2,519.4
39492,498,8,164.22
39494,490,3,60.54
39502,519,1,0.0
39515,519,1,10.29
39521,519,2,18.08
39522,519,1,192.94
39549,519,1,12.07
39571,518,1,694.16
39576,518,3,1597.83
39587,200,1,194.8
39598,518,1,694.16
39605,489,3,93.81
39610,518,1,395.42
39614,518,1,252.76
39695,517,2,295.36
39737,517,1,190.2
39750,517,1,124.47
39763,516,1,292.68
39768,516,1,2.22
39785,516,1,4.43
39811,495,2,27.24
39850,515,1,697.33
39854,515,1,5.5
39868,515,13,181.34
39879,515,1,9.15
39880,515,1,62.19
39884,515,1,62.19
39899,328,1,119.38
39913,479,10,368.42
39916,514,1,261.38
39921,514,1,218.78
39926,499,3,15.399999999999999
39930,500,2,61.71
39986,328,1,89.95
40024,513,1,12.14
40032,513,4,35.14
40045,512,1,16.01
40051,470,10,220.24
40052,512,1,30.42
40057,512,1,109.15
40069,512,1,84.99
40073,512,1,178.93
40093,512,1,178.93
40097,512,6,58.44
40110,328,2,31.98
40125,511,1,298.4
40155,511,1,53.71
40157,511,1,89.52
40163,510,1,259.49
40165,511,1,4.48
40184,511,1,17.89
40211,510,3,35.01
40212,510,1,85.0
40216,510,1,241.6
40255,416,2,19.68
40266,509,2,17.48
40268,509,2,17.98
40287,507,3,5.95
40289,276,2,24.32
40301,297,10,198.14
40312,506,1,580.86
40313,209,2,88.18
40327,508,1,126.16
40346,508,1,4.54
40348,508,1,316.74
40362,508,1,589.94
40365,508,1,11.71
40370,508,5,131.95
40381,508,2,34.48
40395,411,1,31.95
40423,507,1,3.99
40427,507,2,13.7
40437,507,2,1786.14
40447,507,1,2.53
40448,493,3,348.28000000000003
40460,506,1,4.98
40461,102,40,2646.84
40477,507,1,10.43
40496,320,5,19.560000000000002
40507,190,15,927.3299999999999
40537,368,7,121.84
40597,505,5,73.0
40600,505,1,264.07
40608,505,1,70.12
40616,505,1,181.2
40617,505,1,10.93
40620,505,1,6.37
40627,505,1,114.73
40634,501,3,350.96999999999997
40672,504,1,4.51
40688,500,2,14.4
40690,501,1,4.5
40703,328,3,26.24
40707,504,1,654.92
40726,504,1,6.26
40731,504,1,14.42
40737,504,1,13.88
40740,283,1,15.37
40756,281,7,178.45
40770,503,1,3.78
40773,503,1,9.45
40776,503,1,324.22
40782,503,1,9.73
40785,502,4,45.78
40788,501,2,1080.6
40791,438,74,3303.49
40794,503,1,2.69
40795,503,1,431.62
40797,503,3,27.96
40798,220,5,37.43
40802,499,3,30.11
40804,452,18,2459.2400000000002
40806,503,1,13.51
40826,503,1,28.75
40831,503,1,31.08
40832,502,1,112.86
40833,503,1,2.39
40865,502,1,3.36
40871,502,1,91.55
40872,209,53,4548.4
40881,502,1,133.47
40898,502,2,18.0
40904,502,1,85.09
40910,502,1,9.09
40931,502,1,4.93
40939,284,1,150.47
40942,500,2,21.08
40981,501,1,91.97
40982,299,1,7.15
40992,501,1,11.69
40998,501,1,5.49
41025,501,1,629.03
41082,501,1,3.96
41083,11,4,137.26999999999998
41085,500,1,21.79
41109,487,3,84.87
41110,500,1,6.74
41111,500,1,11.24
41117,500,1,7.64
41129,500,1,5.84
41138,500,1,28.8
41149,500,1,9.44
41158,242,8,98.78999999999999
41162,242,15,104.1
41166,500,2,31.48
41171,127,2,195.11
41172,500,2,20.1
41175,500,1,3.6
41180,500,2,19.8
41189,466,44,1136.54
41198,500,2,11.11
41203,276,23,308.87
41207,328,1,12.76
41208,500,2,9.88
41210,500,1,5.17
41222,488,1,204.53
41249,499,1,2.92
41267,183,35,3110.27
41286,500,1,6.74
41287,500,1,9.31
41292,500,3,18.62
41294,272,8,137.78
41304,500,1,3.6
41330,500,1,317.66
41331,439,9,2024.6599999999999
41339,494,2,878.3199999999999
41344,500,1,10.34
41346,500,1,5.84
41348,500,1,5.17
41358,457,1,1.53
41361,500,1,13.65
41364,339,3,21.0
41366,500,1,5.17
41372,379,13,1472.44
41378,500,1,16.83
41407,262,2,108.14
41421,328,3,15.25
41481,500,1,224.08
41485,320,2,24.48
41504,436,2,16.82
41511,190,23,3100.04
41528,91,6,221.89999999999998
41547,158,44,2329.04
41552,373,9,2926.73
41564,500,1,85.48
41595,467,2,35.92
41596,447,1,6.06
41608,466,1,222.14
41621,500,1,2.97
41623,500,1,10.8
41624,500,1,5.84
41640,500,2,239.8
41648,500,1,49.49
41653,487,2,545.78
41665,81,6,38.31
41673,500,1,5.22
41680,500,1,10.34
41689,170,19,392.81
41693,500,3,36.12
41694,277,1,22.93
41714,499,2,59.38
41717,328,1,8.17
41741,283,2,20.42
41746,499,1,5.85
41769,499,1,10.3
41823,498,2,22.54
41832,496,7,165.64
41862,493,6,45.42
41864,498,1,321.18
41884,494,1,10.34
41896,416,6,79.78
41902,497,2,1819.2
41903,453,12,311.19
41905,489,15,181.14999999999998
41906,279,4,1660.31
41914,278,4,120.0
41915,497,1,9.91
41917,461,1,4.41
41920,497,2,20.92
41939,497,2,18.56
41954,497,8,90.78
41963,497,3,70.89
41968,497,1,14.54
41986,496,1,114.29
41990,496,1,263.06
41996,489,2,831.11
42019,496,1,208.62
42020,494,2,269.26
42023,496,2,18.35
42031,115,19,2291.36
42034,496,1,363.46
42044,496,2,21.74
42046,11,202,13353.43
42052,369,32,313.65000000000003
42054,283,4,85.0
42072,14,23,34445.51
42092,322,1,115.63
42093,495,1,10.37
42102,495,1,4.74
42106,490,4,204.95
42108,104,97,8156.19
42113,11,73,5294.97
42115,418,3,658.38
42117,495,1,96.62
42127,495,1,85.7
42128,495,1,9378.18
42145,490,1,27.26
42232,494,1,9.0
42281,214,7,86.32
42298,493,1,2.54
42309,493,1,6.74
42419,491,1,4.97
42420,491,1,22.1
42457,489,4,2998.34
42473,490,1,156.96
42474,490,1,2.35
42480,388,8,93.22999999999999
42500,17,2,205.93
42517,100,6,17.05
42529,487,2,727.6400000000001
42531,490,1,249.09
42588,18,60,22581.88
42590,39,23,868.62
42599,291,22,289.3
42600,222,3,23.03
42603,489,1,26.68
42605,489,1,132.54
42610,489,9,91.87
42616,81,16,135.26
42619,489,1,22.24
42636,489,1,11.39
42643,489,2,25.78
42652,277,2,181.88
42656,411,1,50.47
42670,480,7,51.48
42682,404,11,196.73000000000002
42691,109,8,230.16
42720,488,1,382.84
42723,462,4,46.36
42748,488,1,112.04
42751,488,1,8.0
42753,398,6,51.06
42768,488,5,43.6
42788,193,2,191.43
42789,480,1,256.74
42803,18,80,1894.89
42814,291,3,473.8
42817,480,2,9.31
42824,487,1,398.76
42827,487,1,606.13
42836,203,37,393.07
42865,487,1,24.87
42870,487,1,4.88
42875,487,8,71.6
42878,487,1,208.69
42885,480,1,18.59
42894,465,2,48.3
42902,486,1,9.98
42907,399,5,30.0
42909,486,1,113.67
42931,397,3,25.950000000000003
42933,486,4,40.8
42939,391,2,306.02
42948,486,2,52.94
42954,112,38,6949.75
42955,116,35,5657.32
42956,108,24,3206.59
42957,116,34,5658.59
42969,112,21,4054.61
42971,11,34,5153.98
42975,473,2,10.04
42977,486,1,157.64
42992,370,1,45.46
42998,408,5,52.82
43018,463,1,140.07
43079,484,1,6.43
43094,389,3,25.53
43157,102,20,449.09000000000003
43170,483,5,73.0
43173,483,1,13.28
43229,301,34,342.61
43242,328,1,6.5
43253,481,2,12.59
43256,482,1,8.75
43300,481,1,0.0
43311,481,1,185.4
43314,481,2,23.6
43322,481,2,18.22
43325,477,2,164.79000000000002
43332,409,9,90.94
43344,481,1,185.4
43349,481,1,257.26
43361,481,1,0.89
43363,474,3,40.81
43367,481,2,21.26
43408,47,19,3408.61
43432,480,1,4.86
43439,480,1,8.85
43445,480,1,708.06
43466,458,2,13.27
43467,104,47,4409.64
43474,289,2,33.1
43489,479,2,377.12
43491,458,3,22.45
43498,328,1,7.28
43501,479,1,5.53
43508,448,34,769.9
43532,14,10,824.14
43549,479,3,116.85000000000001
43553,479,1,44.26
43565,479,1,8.85
43568,418,20,217.23000000000002
43577,479,1,6.2
43640,478,1,16.64
43668,328,12,430.92
43687,472,1,258.45
43698,477,1,147.75
43709,477,2,22.14
43729,477,1,32.16
43759,476,4,35.44
43760,476,1,39.76
43770,412,1,15.48
43771,208,1,145.21
43779,112,1,0.0
43792,476,1,9.28
43823,190,14,152.75
43824,475,4,38.68
43827,475,1,39.96
43834,475,1,111.87
43863,474,2,1511.71
43876,475,1,645.33
43878,475,1,10.65
43894,474,1,112.21
43900,474,1,10.91
43919,474,2,49.88
43947,474,1,111.32
44012,473,1,17.53
44025,473,6,106.92
44036,473,2,99.36
44055,462,1,8.61
44058,473,1,9.35
44059,473,1,12.47
44066,135,1,7.8
44083,470,3,55.0
44096,472,1,84.66
44115,4,78,5531.29
44129,472,3,28.11
44136,471,4,118.0
44140,471,6,137.34
44142,471,2,25.84
44149,471,6,300.71999999999997
44182,471,1,558.11
44204,403,3,77.78999999999999
44217,470,3,155.26
44219,470,1,84.53
44226,431,1,327.5
44267,469,1,161.76
44282,469,1,557.04
44332,469,1,695.76
44341,469,2,57.4
44361,468,1,83.14
44372,447,3,97.39
44378,459,2,27.28
44402,158,3,165.32999999999998
44423,135,2,13.18
44440,467,2,24.02
44445,111,260,95370.53
44446,319,49,1205.33
44447,467,8,73.52
44450,283,1,89.87
44454,442,8,1851.5800000000002
44457,467,3,60.93000000000001
44475,111,39,4906.98
44493,466,1,22.46
44498,467,6,102.53999999999999
44543,466,1,526.7
44552,445,4,68.64
44569,467,1,173.26
44586,116,4,48.7
44591,467,1,254.81
44632,466,1,105.6
44635,354,1,7.94
44690,322,1,102.43
44700,463,1,24.69
44707,277,11,3803.36
44710,466,1,88.22
44714,171,71,6523.71
44716,14,30,5217.46
44720,465,1,164.2
44723,466,5,39.85
44740,466,1,169.29
44751,167,7,793.92
44764,105,5,604.1800000000001
44766,182,31,4358.73
44777,436,13,3172.69
44780,387,1,13.81
44789,284,6,649.72
44822,466,1,105.6
44830,109,220,3310.42
44834,412,1,26.39
44854,106,2,121.66
44872,466,2,34.16
44880,379,33,1302.17
44909,115,28,1284.36
44915,466,2,242.52
44916,466,1,105.6
44934,106,79,1327.69
44959,466,1,105.6
44967,466,1,318.2
44973,399,1,146.07
44996,158,4,96.07
45013,371,1,17.58
45050,435,2,262.36
45096,380,4,598.06
45108,466,2,328.24
45109,411,9,349.46999999999997
45114,466,1,88.22
45137,275,6,93.0
45150,466,1,88.22
45151,275,5,706.42
45152,466,1,88.22
45153,466,1,88.22
45154,466,1,88.22
45157,466,1,88.22
45158,466,1,88.22
45159,466,1,88.22
45161,466,1,105.6
45162,466,1,88.22
45163,466,1,88.22
45170,239,3,16.43
45190,238,1,275.09
45192,322,1,66.79
45201,415,2,17.84
45218,466,1,21.24
45235,175,28,1516.6399999999999
45252,466,1,115.5
45257,466,2,324.32
45259,284,5,420.86
45269,466,7,134.85
45300,350,1,263.55
45312,47,1,8.11
45344,182,17,799.1800000000001
45360,465,9,630.89
45372,466,11,197.59
45375,466,1,88.22
45394,166,4,1531.3500000000001
45400,463,2,254.48
45405,459,1,18.15
45417,370,66,3111.06
45422,464,5,118.35000000000001
45438,466,1,160.82
45455,466,1,88.22
45461,466,1,89.92
45468,167,7,959.97
45471,466,2,192.2
45478,114,3,314.42999999999995
45483,464,2,413.19
45485,435,4,215.52
45494,328,2,28.86
45500,466,1,32.04
45535,60,8,1366.56
45536,466,1,211.46
45578,466,1,89.92
45593,452,3,69.63
45600,466,1,318.2
45601,466,2,170.65
45602,466,1,82.48
45614,466,1,126.94
45618,277,1,574.72
45629,322,2,392.34
45634,397,2,271.41999999999996
45662,466,1,74.27
45665,466,1,35.76
45683,466,1,126.94
45688,466,1,8.04
45690,466,1,171.67
45721,466,1,211.46
45731,328,2,161.78
45738,284,1,505.51
45741,466,2,169.09
45745,39,20,2876.99
45759,466,1,87.57
45767,466,1,211.46
45776,380,13,841.39
45798,463,2,313.37
45800,15,165,9212.82
45811,466,1,126.94
45817,39,26,1928.6
45822,466,5,1315.9
45842,466,2,20.78
45860,464,5,471.45000000000005
45891,436,2,93.32
45947,135,5,58.989999999999995
45948,466,1,61.21
46014,464,9,88.64
46050,11,157,10453.51
46053,322,14,655.33
46062,466,1,36.07
46071,436,1,117.49
46079,466,1,93.46
46080,466,1,279.41
46105,466,2,52.12
46108,392,1,8.19
46111,451,1,32.71
46131,466,8,59.27
46132,402,22,347.56
46139,277,2,14.56
46160,394,1,48.89
46180,466,1,140.31
46197,285,24,6756.21
46225,322,1,18.92
46243,466,2,514.59
46255,466,1,122.1
46258,361,4,2619.01
46262,466,1,18.24
46310,281,2,348.74
46341,466,2,58.9
46429,322,4,49.44
46479,465,1,88.22
46492,461,1,23.66
46514,466,1,22.14
46593,466,1,27.91
46602,435,2,52.7
46611,466,1,169.29
46622,466,1,9.11
46672,466,3,48.17999999999999
46695,466,2,27.22
46726,466,1,12.32
46736,15,2,63.92
46744,379,3,87.96000000000001
46774,465,1,146.74
46776,275,4,1666.87
46831,410,8,349.12
46832,105,3,9.44
46836,338,6,136.29
46854,436,1,10.7
46871,465,1,92.08
46877,465,1,99.86
46881,465,1,99.86
46910,395,1,106.82
46912,129,14,3769.89
46940,465,1,233.14
46942,349,27,286.26
46945,259,3,32.19
46967,284,5,184.65
46972,465,1,161.25
46995,465,3,31.880000000000003
47005,451,5,253.04
47019,465,6,128.52
47061,416,4,9.12
47075,465,1,7.82
47175,440,4,2792.52
47201,320,6,35.59
47203,320,6,34.37
47205,182,175,13373.45
47219,465,1,217.84
47236,14,29,3017.95
47247,465,2,2030.3
47253,465,1,445.91
47263,266,2,59.51
47268,328,1,3.03
47269,465,1,49.11
47270,465,1,445.91
47280,465,1,445.91
47283,465,1,445.91
47288,77,22,2406.7400000000002
47292,11,34,4266.0599999999995
47301,111,7,791.51
47303,465,1,88.22
47305,465,1,445.91
47309,465,1,88.22
47313,47,3,1212.6399999999999
47315,465,1,88.22
47319,465,1,88.22
47321,465,1,88.22
47322,435,1,27.74
47323,465,1,88.22
47325,465,1,88.22
47328,465,1,88.22
47335,284,1,130.72
47336,465,1,88.22
47337,465,1,88.22
47338,465,1,7.38
47339,465,1,88.22
47341,465,1,88.22
47342,465,1,88.22
47344,465,1,88.22
47345,465,1,88.22
47350,465,1,88.22
47353,465,1,88.22
47354,465,1,88.22
47365,465,1,88.22
47370,465,3,27.900000000000002
47372,465,1,88.22
47376,465,1,88.22
47382,465,1,88.22
47388,465,1,105.6
47396,465,1,5.65
47398,465,1,88.22
47401,328,1,25.19
47403,102,12,128.01
47404,465,1,88.22
47407,102,4,57.8
47409,465,1,88.22
47410,102,4,57.8
47411,465,1,88.22
47415,465,1,88.22
47419,465,1,88.22
47422,328,3,50.7
47424,465,1,88.22
47429,465,3,28.619999999999997
47430,465,1,88.22
47435,465,1,88.22
47436,465,1,88.22
47437,465,1,88.22
47443,465,1,88.22
47448,465,1,88.22
47454,167,5,1071.96
47456,465,1,88.22
47457,436,7,37.54
47461,326,10,794.72
47463,465,1,88.22
47474,465,1,105.6
47476,390,2,0.0
47480,465,1,105.6
47481,306,2,138.17999999999998
47486,465,1,226.53
47516,465,1,8.47
47522,279,5,36.99
47530,328,1,5.6
47557,464,1,34.06
47562,116,41,4623.7699999999995
47566,464,3,28.799999999999997
47598,304,2,16.54
47610,135,3,26.369999999999997
47623,389,1,1.99
47645,464,1,445.91
47659,464,1,454.6
47661,464,1,445.91
47673,213,3,36.9
47734,379,1,80.73
47736,464,1,6.56
47749,116,38,5819.889999999999
47752,322,1,49.91
47780,113,43,3499.7799999999997
47830,328,2,8.59
47852,464,1,355.12
47855,464,1,355.12
47865,464,1,105.52
47866,112,21,4726.43
47876,464,1,88.22
47882,464,2,854.1199999999999
47891,464,1,7.82
47901,464,2,199.59
47904,464,1,202.73
47912,400,1,132.17
47913,116,20,2366.31
47923,439,6,563.37
47925,284,8,851.51
47927,464,1,126.94
47930,464,1,105.52
47952,424,2,211.46
47953,102,4,57.8
47958,464,3,56.31
47967,464,1,36.71
47989,298,5,144.4
47991,464,1,36.71
48003,464,1,2.54
48010,107,4,56.64
48026,450,1,1.29
48028,277,9,291.33
48037,464,5,41.79
48041,464,1,238.65
48060,464,1,395.96
48111,183,1,77.43
48119,112,24,2109.8
48130,442,3,391.34999999999997
48143,78,1,19.73
48152,463,6,42.36
48155,463,2,226.94
48177,463,1,662.7
48193,231,14,174.12
48199,11,203,18010.22
48204,463,1,444.73
48206,463,6,60.459999999999994
48208,463,1,61.69
48211,463,1,444.73
48221,463,1,72.4
48231,463,1,444.73
48239,280,11,3290.8
48242,463,1,83.22
48244,463,1,444.73
48253,463,1,175.28
48262,283,8,373.04
48263,463,3,26.130000000000003
48268,447,3,144.08
48279,463,1,82.27
48284,463,2,20.08
48288,182,31,2885.0299999999997
48298,463,1,82.27
48299,183,34,3695.57
48312,463,1,12.99
48313,463,5,122.91
48320,463,4,266.28
48325,380,19,1334.02
48329,190,19,2410.85
48331,456,2,282.67
48338,386,2,52.34
48339,463,4,266.28
48351,463,4,365.01
48359,463,1,436.07
48364,463,1,436.07
48374,463,4,424.6
48385,463,1,5.52
48386,463,4,424.6
48387,438,3,30.42
48394,463,1,91.78
48399,463,4,424.6
48412,463,2,18.16
48413,433,5,424.6
48427,463,1,87.99
48432,463,1,87.99
48434,14,6,221.62
48443,274,33,486.69
48444,381,4,333.08000000000004
48454,463,1,308.69
48456,463,1,308.69
48459,463,1,231.28
48466,463,5,11.75
48467,463,1,453.4
48474,328,4,8.18
48479,276,4,295.8
48485,463,1,231.28
48489,463,1,9.37
48491,463,1,231.28
48495,463,3,32.18
48498,463,1,126.6
48503,463,3,23.52
48504,386,5,342.57
48506,463,2,283.9
48510,463,1,61.69
48514,463,1,175.28
48518,463,1,175.28
48519,463,1,175.28
48523,463,1,61.69
48546,463,1,126.6
48555,463,1,136.36
48559,274,3,54.54
48569,463,1,60.04
48570,380,2,22.189999999999998
48573,463,2,36.72
48574,463,1,60.04
48576,463,1,44.84
48584,463,1,6.75
48589,463,1,9.68
48592,463,10,2006.23
48598,265,2,133.07
48600,146,35,826.33
48606,112,29,997.75
48611,463,1,126.6
48613,463,1,126.6
48629,463,1,126.6
48633,435,1,41.82
48639,463,2,192.49
48642,463,1,436.07
48650,463,1,61.3
48655,463,1,133.74
48667,463,1,136.36
48673,463,1,126.6
48677,463,1,148.73
48680,463,1,7.37
48683,463,1,175.28
48688,463,1,126.6
48693,88,14,286.32
48709,193,8,770.37
48716,111,17,1791.1100000000001
48729,463,1,8.33
48732,463,1,10.19
48746,284,4,87.69
48758,439,11,487.35
48759,192,25,815.86
48764,3,85,32770.82
48765,443,3,42.78
48771,440,4,753.83
48775,284,30,4636.900000000001
48781,462,1,539.38
48792,379,2,191.32999999999998
48799,399,3,248.11999999999998
48802,69,2,20.75
48834,382,9,303.02000000000004
48842,462,3,26.46
48845,462,1,80.95
48850,461,10,143.22
48872,461,1,129.07
48873,461,1,33.56
48877,461,4,34.48
48883,461,3,30.599999999999998
48884,461,3,30.599999999999998
48886,425,1,0.0
48893,461,3,41.31
48894,461,1,25.81
48922,461,1,12.9
48941,461,1,22.95
48945,461,1,16.01
48951,328,1,18.4
48996,460,2,17.28
48998,460,2,19.7
49000,290,5,48.989999999999995
49001,460,1,8.64
49023,320,3,11.98
49040,456,3,25.56
49085,263,4,36.26
49098,459,1,10.17
49111,459,1,538.87
49115,459,3,32.730000000000004
49119,316,4,0.0
49120,401,1,7.29
49123,459,2,56.88
49127,153,171,13748.75
49129,459,2,47.98
49131,459,1,93.76
49164,458,2,25.84
49168,458,2,19.66
49172,458,3,22.740000000000002
49179,458,2,22.04
49181,457,2,1527.48
49185,458,2,18.1
49202,458,1,11.48
49228,458,1,9.91
49297,181,12,11354.539999999999
49313,456,1,8.7
49314,456,2,29.3
49315,456,2,21.34
49317,456,2,30.14
49324,456,1,11.2
49327,456,1,8.62
49330,224,42,26310.16
49332,456,1,8.62
49333,456,2,30.869999999999997
49349,456,2,33.62
49352,456,1,96.09
49353,456,1,11.63
49370,456,1,538.62
49384,455,5,66.07
49386,455,1,17.85
49387,455,2,17.76
49389,455,1,108.98
49390,455,1,472.98
49393,455,2,17.48
49395,455,1,198.94
49396,455,4,39.76
49399,455,1,9.08
49401,455,1,8.81
49403,455,1,540.62
49412,455,1,24.57
49416,454,1,27.22
49465,287,6,76.25999999999999
49466,446,4,27.439999999999998
49468,454,1,8.53
49470,454,2,17.58
49472,454,1,8.53
49473,454,1,8.53
49475,454,1,13.65
49477,454,2,19.1
49480,454,1,8.53
49481,454,2,17.06
49482,454,1,10.23
49483,454,1,8.53
49484,454,1,22.19
49485,454,2,21.5
49489,454,1,80.21
49490,454,1,9.59
49491,453,1,160.41
49493,392,2,16.35
49494,454,1,10.2
49497,454,2,34.1
49498,454,2,22.0
49501,454,1,83.61
49502,454,1,131.4
49503,397,4,0.0
49504,377,2,293.53999999999996
49512,454,2,17.9
49513,451,2,26.189999999999998
49515,454,1,29.01
49523,419,1,8.52
49564,453,1,9.48
49568,11,19,4230.85
49571,113,7,472.73
49576,436,1,9.84
49579,413,1,1399.0
49585,453,1,12.07
49593,375,5,60.61
49608,310,1,6.91
49635,453,1,39.77
49660,453,1,471.56
49716,452,4,34.56
49721,451,3,29.51
49730,452,6,92.61
49733,442,9,554.35
49734,452,1,11.45
49738,391,1,90.75
49739,368,2,18.62
49742,452,1,5.38
49754,452,2,19.34
49763,448,12,237.07999999999998
49820,451,2,18.52
49827,451,1,3.1
49828,216,22,420.82
49831,20,79,930.83
49836,451,1,15.49
49839,451,2,3.4
49850,228,1,7.95
49869,451,1,55.98
49878,451,3,31.89
49907,450,3,26.58
49937,320,2,3.75
49940,450,1,9.72
49981,447,1,4.3
49991,449,1,59.87
49996,449,1,9.15
49997,449,1,132.74
50003,449,2,24.1
50004,435,5,131.05
50005,448,2,27.93
50012,449,3,27.03
50014,449,2,22.42
50019,449,1,539.82
50020,449,3,46.47
50027,449,1,56.03
50030,449,2,24.8
50031,449,2,19.12
50056,449,2,35.52
50060,410,1,749.71
50073,418,8,129.13
50075,448,8,116.67999999999999
50077,448,2,254.04
50079,11,27,4380.97
50091,448,1,3.88
50092,448,3,48.39
50096,448,1,8.61
50107,448,1,10.32
50120,280,12,841.26
50149,402,2,9.28
50173,344,12,218.26
50178,281,4,582.0799999999999
50180,400,1,3.26
50181,284,17,791.52
50184,144,11,222.73
50187,447,2,20.6
50188,447,2,20.6
50189,447,2,21.86
50190,447,1,102.29
50192,447,2,37.78
50193,328,5,57.39
50197,447,2,27.5
50198,447,1,17.18
50201,447,2,11.14
50205,433,3,84.44999999999999
50206,447,2,27.5
50207,447,1,14.27
50210,447,1,8.6
50222,410,24,388.32
50223,447,1,17.18
50246,271,3,55.8
50252,446,1,3.41
50258,436,1,9.12
50264,446,2,27.76
50265,446,1,8.62
50266,446,1,8.62
50267,446,1,6.46
50271,407,4,36.98
50273,374,7,176.07
50278,446,1,9.83
50282,446,5,43.68000000000001
50286,336,9,437.61
50293,14,62,10459.22
50294,446,2,234.56
50297,388,6,73.34
50302,446,1,17.25
50305,446,1,10.54
50311,425,2,24.68
50318,235,13,152.37
50369,445,1,51.63
50373,445,1,8.61
50375,445,2,22.38
50376,445,2,25.78
50378,412,6,72.88
50379,357,14,163.18
50380,410,4,31.08
50381,284,15,915.88
50382,445,1,24.51
50385,271,14,231.07999999999998
50386,445,1,94.68
50388,372,6,5.72
50392,293,12,132.06
50393,445,3,30.69
50394,445,3,30.69
50403,158,7,1637.17
50404,445,4,60.48
50409,445,1,9.28
50420,445,2,27.8
50434,304,4,69.06
50482,444,3,18.96
50509,444,5,60.04
50511,284,10,3119.06
50513,444,6,59.94
50517,444,1,8.61
50518,444,7,222.11
50521,327,7,604.53
50539,444,2,4.34
50562,284,2,7.63
50568,402,5,49.69
50586,441,2,194.97
50600,101,3,118.38
50620,328,1,3.03
50685,442,1,160.87
50702,442,1,15.14
50717,442,1,27.02
50726,442,1,87.35
50728,346,20,121.48
50731,442,4,50.8
50733,442,1,8.65
50734,442,1,19.22
50740,442,2,22.48
50742,116,20,3131.56
50756,442,2,189.41
50765,442,2,28.08
50770,386,10,91.03
50776,277,7,244.67999999999998
50814,441,1,8.52
50818,441,1,8.52
50819,441,1,8.69
50822,441,2,23.42
50823,378,2,143.47000000000003
50831,409,5,3621.26
50855,284,2,11.14
50859,441,1,17.04
50870,441,2,23.1
50874,434,1,26.58
50916,440,2,18.2
50918,440,3,38.71
50919,269,6,169.29999999999998
50921,280,9,547.46
50935,440,2,20.4
50936,440,1,8.51
50939,440,1,301.02
50940,320,6,85.74
50948,440,1,17.0
50957,435,9,248.13
50961,412,3,34.81
50972,274,3,99.14999999999999
50985,440,1,12.76
51001,109,18,390.08
51017,403,1,2.26
51020,439,2,24.34
51022,439,1,9.19
51023,439,1,109.97
51029,439,1,33.78
51032,439,3,60.84
51039,439,2,34.7
51044,439,1,7.86
51046,439,1,4.98
51052,284,7,144.79
51055,439,2,18.6
51071,439,1,38.1
51073,435,1,99.0
51085,298,12,1103.1399999999999
51096,320,3,18.35
51097,195,1,14.55
51133,302,15,587.74
51195,438,1,6.55
51196,438,1,6.55
51199,438,1,6.55
51202,438,2,14.719999999999999
51204,438,1,6.55
51206,390,3,20.79
51208,438,1,2.78
51217,320,2,9.39
51220,438,1,12.83
51222,438,1,8.56
51242,109,29,434.66999999999996
51243,320,12,48.82
51249,399,3,13.350000000000001
51250,328,6,43.129999999999995
51253,438,1,4.92
51269,209,6,441.21000000000004
51270,438,2,21.38
51281,410,6,31.380000000000003
51284,438,1,6.41
51285,438,1,2.51
51295,438,1,6.37
51301,438,1,13.59
51306,438,4,37.44
51307,438,1,131.85
51311,438,1,4.33
51362,436,2,17.96
51383,328,1,17.8
51416,437,1,10.27
51417,328,7,20.009999999999998
51421,169,2,85.69
51434,437,2,20.52
51435,430,3,51.06
51437,320,2,9.780000000000001
51443,106,2,16.1
51459,320,2,9.780000000000001
51495,437,1,7.44
51578,284,5,67.07
51581,167,1,84.38
51598,341,1,10.42
51610,213,3,42.97
51614,436,4,31.16
51639,436,3,29.759999999999998
51642,436,1,3.84
51674,436,1,38.53
51676,380,1,86.48
51685,11,4,100.88
51687,436,1,9.42
51689,436,1,8.98
51690,436,1,8.09
51691,11,5,193.32
51692,436,1,7.66
51694,412,1,3.16
51695,436,1,8.13
51701,436,2,19.26
51702,436,1,13.57
51703,436,1,8.99
51708,436,4,35.8
51710,328,1,4.81
51711,436,1,18.07
51714,436,1,8.99
51725,436,1,9.42
51731,436,1,14.52
51734,436,2,19.78
51736,436,1,10.23
51751,436,1,21.4
51759,427,6,1657.92
51761,436,1,18.37
51763,436,1,12.24
51766,436,1,12.24
51772,435,1,9.81
51775,109,2,369.06
51781,435,1,8.53
51784,435,1,14.72
51785,435,1,8.1
51787,435,4,89.5
51791,435,2,19.62
51796,435,2,238.98
51797,435,3,82.65
51798,328,2,5.5600000000000005
51799,435,1,5.29
51800,435,1,29.02
51804,435,1,2.99
51811,435,1,10.92
51815,435,1,51.2
51819,435,1,6.44
51820,435,1,17.06
51823,435,1,9.22
51828,435,4,107.4
51830,435,1,29.87
51831,435,2,43.52
51833,435,1,28.08
51835,435,1,29.45
51837,435,1,26.29
51841,435,1,25.6
51843,435,4,98.96
51844,435,1,32.43
51845,435,1,36.69
51847,435,3,86.78999999999999
51851,435,1,8.53
51858,435,1,4.91
51861,435,1,29.87
51864,326,15,163.18
51871,435,1,9.82
51874,435,4,39.519999999999996
51875,435,1,12.33
51880,435,1,16.12
51889,435,1,44.95
51909,435,4,34.12
51914,290,6,122.77
51917,328,1,3.68
51918,435,1,161.31
51924,435,6,149.34
51933,435,1,8.71
51949,435,7,195.65
51952,435,6,175.32
51958,435,2,74.24
51965,435,2,53.76
51968,419,1,6.86
51976,307,1,12.12
51983,435,1,26.46
51995,435,3,82.59
52020,434,1,46.17
52021,434,5,135.9
52032,434,4,113.76
52035,434,1,30.75
52053,434,3,79.44
52058,434,2,254.94
52067,434,1,25.87
52070,434,1,8.63
52076,432,3,906.26
52079,434,3,32.37
52087,434,2,17.82
52089,434,1,8.89
52103,371,6,12.9
52123,434,1,7.46
52162,433,5,131.64999999999998
52174,381,6,256.44
52176,433,1,15.17
52179,433,1,474.13
52180,433,1,754.38
52186,433,1,109.25
52211,433,1,16.26
52215,433,1,8.66
52233,433,1,109.25
52241,433,2,16.9
52247,433,1,5.63
52250,433,1,12.23
52256,420,3,27.0
52273,432,4,96.96
52283,432,1,532.96
52287,432,1,14.88
52325,432,1,38.48
52339,432,2,0.0
52344,432,3,106.47
52353,157,1,14.71
52370,283,3,32.28
52382,431,1,3.89
52383,413,1,1080.0
52384,431,1,753.77
52391,431,1,654.12
52393,431,3,30.03
52396,431,2,33.78
52400,104,8,53.879999999999995
52410,431,1,125.63
52421,431,1,46.96
52422,431,1,13.2
52440,430,1,38.99
52441,320,4,13.84
52450,430,2,0.0
52452,328,3,79.89999999999999
52456,430,1,42.45
52477,430,2,33.88
52486,430,7,126.77
52538,406,2,43.24
52547,320,4,12.42
52562,367,2,78.18
52576,427,2,672.27
52584,426,1,2.53
52599,379,15,609.34
52608,425,1,94.94
52609,425,4,739.04
52620,425,2,54.3
52625,402,2,16132.8
52654,425,2,25.14
52675,425,2,17.72
52715,424,1,528.16
52720,11,40,4096.06
52725,424,1,639.85
52754,423,2,620.1500000000001
52776,424,3,57.06
52784,404,4,39.26
52804,135,3,24.39
52805,423,1,11.53
52806,423,1,102.54
52807,423,1,9.75
52810,404,4,40.05
52822,423,3,136.4
52828,423,1,2.5
52855,423,1,2.5
52925,421,1,10.51
52926,14,27,3737.14
52927,421,1,11.36
52929,416,6,80.67999999999999
52936,421,4,46.6
52937,385,1,2.57
52940,421,2,28.82
52947,220,4,41.04
52949,421,4,2828.88
52962,421,13,119.1
52963,421,2,27.12
52965,364,2,1163.57
53017,420,4,61.08
53022,420,5,73.94999999999999
53035,420,4,36.88
53038,420,1,12.74
53045,420,1,15.51
53050,420,1,94.75
53067,418,1,16.55
53078,370,2,63.510000000000005
53126,419,1,48.47
53128,419,2,17.38
53129,419,1,21.3
53150,419,5,43.160000000000004
53156,419,1,12.18
53157,419,2,19.060000000000002
53158,419,1,12.74
53160,419,1,119.27
53162,419,2,28.94
53169,419,1,107.33
53184,419,1,13.2
53202,418,3,658.38
53207,418,4,44.76
53210,280,5,58.080000000000005
53211,418,1,452.7
53217,418,1,12.41
53220,418,1,72.84
53226,284,1,8.21
53238,418,2,10.02
53240,418,2,19.62
53242,418,2,17.28
53256,405,7,240.66000000000003
53268,401,6,65.43
53307,417,2,31.36
53318,417,1,24.83
53323,417,4,5.23
53333,328,2,38.44
53340,417,2,22.12
53341,244,18,827.86
53354,417,1,15.05
53359,417,2,27.6
53385,416,3,380.04
53411,416,1,15.4
53419,416,2,8.12
53425,416,1,24.84
53430,403,1,10.86
53438,416,1,292.88
53448,403,5,77.08000000000001
53475,334,2,278.15
53485,328,1,11.69
53502,116,16,2761.71
53532,414,2,18.88
53533,414,1,8.39
53536,255,5,47.36
53579,367,1,4.32
53604,413,1,440.0
53608,413,9,9556.0
53609,413,1,2000.0
53617,387,9,108685.78
53623,413,4,3924.9700000000003
53629,43,2,18.69
53694,281,2,182.54
53696,413,2,22590.0
53740,385,12,140.54999999999998
53742,413,4,4336.0
53769,413,1,350.0
53770,191,4,1477.24
53782,277,1,66.51
53801,389,4,244.5
53852,412,1,16.88
53861,399,7,118.03
53862,399,5,62.169999999999995
53868,412,3,26.22
53875,412,1,38.01
53884,412,2,50.67
53896,412,2,12.42
53913,388,1,7.71
53943,412,2,8.22
53949,409,2,19.62
53954,325,1,4.09
53970,412,3,27.119999999999997
53981,393,2,37.12
53982,29,10,1.1
53992,412,4,37.0
53993,407,4,21.549999999999997
54072,411,1,4.58
54076,102,28,940.79
54081,396,3,366.18
54082,411,1,11.44
54086,411,1,12.61
54089,411,2,17.88
54104,114,17,2477.29
54115,411,2,38.68
54123,411,1,15.14
54133,411,1,16.82
54134,411,1,6.31
54146,365,4,230.84
54147,168,61,880.1800000000001
54157,411,3,25.740000000000002
54160,277,11,666.8299999999999
54163,407,3,159.13
54190,411,5,466.34000000000003
54232,328,1,37.45
54234,411,1,4.21
54235,102,51,108.69
54238,411,1,5.64
54241,411,1,9.25
54259,4,84,3218.0099999999998
54304,410,1,4.76
54315,407,8,80.24
54366,11,48,6087.0
54387,410,3,29.28
54391,341,9,85.02
54421,410,2,30.82
54426,410,1,8.63
54428,410,2,832.9
54432,385,5,54.77
54499,408,1,6.89
54500,382,9,100.6
54502,391,3,13.43
54525,409,5,66.7
54568,322,4,171.39
54571,409,2,17.74
54581,409,2,18.24
54584,135,2,23.82
54587,409,2,17.72
54592,409,1,8.46
54593,15,1,6.19
54635,408,1,5.5
54637,284,4,415.38
54639,109,35,5065.06
54640,175,4,511.25
54657,371,1,155.02
54663,328,5,15.530000000000001
54701,379,1,9.12
54708,290,13,868.86
54715,404,6,47.46
54732,405,1,4.44
54784,407,1,106.32
54805,407,1,12.22
54806,407,3,24.660000000000004
54807,385,10,112.28
54816,407,1,16.87
54824,407,2,18.54
54873,395,1,8.22
54881,407,1,27.64
54899,407,2,31.46
54901,407,10,104.9
54907,407,3,20.85
54916,328,1,10.22
54943,166,7,884.94
54976,328,5,12.19
54979,382,6,25.290000000000003
54986,406,2,814.61
54998,406,2,16.86
55019,406,4,34.2
55020,275,34,879.1
55023,406,1,8.56
55047,403,4,82.31
55052,405,1,0.0
55055,405,2,16.6
55057,405,1,9.86
55059,405,2,17.42
55066,405,2,16.92
55068,405,3,31.17
55081,405,1,16.45
55086,346,14,141.21
55099,405,3,29.490000000000002
55101,379,1,5.31
55126,404,2,24.74
55127,271,6,65.36
55129,404,1,9.28
55132,404,1,8.36
55133,404,1,6.26
55134,391,4,56.019999999999996
55156,404,1,12.53
55157,396,6,154.05
55163,337,1,15.26
55164,404,3,47.01
55178,404,1,2.45
55179,404,2,19.8
55184,378,9,178.05
55188,404,1,15.67
55212,328,1,2.18
55213,403,1,59.48
55222,403,1,10.01
55227,210,6,344.0
55234,403,1,5.85
55237,315,5,50.2
55242,306,5,151.19
55246,403,1,302.28
55251,391,1,47.98
55259,334,1,3.27
55268,403,1,146.23
55269,400,5,3441.23
55271,284,8,730.96
55272,403,1,146.23
55274,403,5,45.15
55283,283,9,1259.31
55294,14,26,4590.88
55295,389,1,12.18
55298,11,4,540.2
55299,11,8,1508.79
55300,11,11,1717.44
55304,362,6,52.14
55310,402,2,571.88
55317,402,1,146.23
55318,402,1,146.23
55321,328,1,18.17
55347,328,1,3.03
55355,402,2,17.54
55366,402,4,65.72
55370,402,1,54.36
55393,328,3,18.82
55420,393,1,131.43
55438,279,8,1311.57
55478,320,11,125.66
55480,400,3,33.33
55481,400,1,10.62
55483,287,5,42.17
55485,400,2,17.82
55498,400,1,144.44
55502,400,1,8.67
55509,400,2,1189.56
55511,400,2,18.14
55517,112,18,2355.32
55524,322,2,300.14
55534,399,1,146.07
55550,11,17,3312.14
55552,14,32,6344.68
55553,328,1,10.93
55582,193,1,18.73
55583,388,7,109.94999999999999
55587,399,1,73.03
55589,279,41,11936.74
55598,399,1,146.07
55603,399,1,4.2
55605,399,2,13.14
55607,399,1,133.78
55612,398,2,1302.3400000000001
55623,190,18,1793.03
55624,190,16,2377.91
55626,209,8,592.53
55627,328,3,452.85
55630,190,12,990.05
55633,399,1,142.77
55634,399,1,142.77
55635,280,2,236.85000000000002
55636,327,7,965.67
55638,399,1,142.77
55640,399,1,142.77
55641,399,1,142.77
55642,399,1,142.77
55644,183,11,1466.51
55645,399,7,63.86
55646,399,1,142.77
55648,399,1,142.77
55650,399,1,142.77
55651,320,4,46.41
55657,398,1,141.62
55684,202,6,94.94
55692,279,4,40.62
55695,398,1,221.03
55706,398,3,24.78
55707,398,1,10.74
55714,398,1,4.25
55721,110,11,1074.28
55722,379,3,382.16999999999996
55723,105,18,2166.21
55726,390,3,392.65
55727,398,1,144.39
55731,213,68,3235.73
55734,281,7,223.79000000000002
55742,328,2,16.34
55749,398,1,144.39
55758,135,2,12.43
55766,397,6,52.94
55770,397,3,26.25
55775,397,3,38.160000000000004
55777,66,6,29.44
55779,397,3,185.62
55783,397,1,753.89
55784,397,2,18.82
55791,183,15,1842.1000000000001
55792,283,7,893.42
55795,397,1,144.48
55808,397,6,345.63
55813,390,8,74.82000000000001
55814,397,1,4.79
55816,396,2,221.54
55818,397,1,88.49
55819,397,3,31.86
55832,397,1,88.49
55856,380,8,139.31
55860,396,2,31.06
55861,396,2,18.96
55863,396,4,33.04
55864,396,1,45.19
55865,396,2,27.94
55868,396,1,728.52
55869,396,1,13.97
55871,216,15,185.7
55872,280,28,2000.8
55873,396,1,17.13
55876,396,1,8.55
55881,396,1,834.4
55884,396,1,10.13
55889,396,1,262.94
55891,396,1,8.22
55893,396,1,143.67
55894,396,1,143.67
55895,284,14,1468.48
55900,396,5,44.2
55905,396,12,123.22
55907,396,1,143.67
55908,396,4,895.64
55909,183,16,1964.77
55911,9,6,73.3
55917,396,1,96.14
55923,114,9,1464.78
55928,114,12,2333.92
55954,340,6,251.99
55955,395,5,80.69999999999999
55956,371,11,781.86
55959,395,1,8.4
55972,395,1,2.14
55987,368,1,10.19
55995,252,18,187.73
56003,395,1,147.0
56004,395,1,213.63
56005,395,1,147.0
56019,274,2,7.94
56042,394,2,8.75
56047,320,2,32.64
56049,394,1,1.23
56051,394,1,4.5
56076,280,1,97.78
56102,384,3,214.35999999999999
56105,393,3,33.24
56106,393,2,18.46
56107,393,1,732.57
56109,277,14,127.97999999999999
56111,393,2,1017.1
56119,393,2,211.1
56125,393,2,9.86
56129,108,4,1175.69
56134,393,1,8.67
56144,393,1,651.45
56145,393,1,165.66
56148,393,1,143.64
56149,393,1,548.76
56150,393,1,651.45
56153,369,1,21.63
56160,393,1,14.78
56162,392,1,143.29
56165,196,23,234.10999999999999
56181,393,2,1008.8
56191,392,1,103.25
56200,392,1,9.01
56202,390,2,301.45
56203,392,1,6.76
56207,392,1,6.76
56208,392,1,6.76
56209,392,1,193.4
56210,392,2,32.74
56212,392,1,146.61
56215,392,2,17.44
56216,238,62,9470.42
56217,392,2,976.84
56229,392,1,146.61
56232,392,1,3.56
56234,328,5,61.1
56236,392,1,146.61
56237,392,2,22.7
56241,392,2,10.08
56242,392,1,146.61
56244,392,9,79.64999999999999
56248,272,31,434.24
56249,392,1,146.61
56250,392,3,35.400000000000006
56251,392,3,27.03
56254,392,1,2.01
56261,390,2,149.25
56262,392,1,146.61
56270,382,1,4.93
56280,284,6,83.06
56298,391,2,16.92
56299,298,5,97.52000000000001
56300,391,2,39.84
56301,45,9,397.76
56303,391,1,2.69
56305,391,1,2.69
56306,391,1,18.71
56308,379,12,105.43
56309,388,8,112.62
56310,391,1,139.58
56311,391,2,23.58
56313,391,2,341.16
56314,280,12,494.71999999999997
56315,391,4,39.78
56318,391,2,19.5
56320,391,2,19.5
56321,276,10,926.2
56322,391,4,35.48
56323,391,2,20.34
56324,391,7,93.45
56326,391,2,24.56
56329,386,7,47.22
56333,391,7,101.57
56339,328,2,3.02
56344,391,2,41.5
56345,135,6,301.85
56348,391,3,26.369999999999997
56364,391,3,32.22
56368,391,1,46.38
56369,391,1,2.56
56370,386,14,125.18
56377,391,1,9.35
56378,391,2,29.28
56379,391,1,16.28
56381,215,19,159.27
56382,391,4,42.32
56392,391,5,43.14
56412,383,9,84.12
56413,165,7,557.2
56415,165,4,311.82
56416,390,6,56.519999999999996
56417,282,9,867.6
56418,390,5,54.699999999999996
56419,390,4,38.0
56421,390,3,25.17
56425,385,7,73.34
56426,390,1,8.0
56429,390,4,38.32
56430,390,14,148.2
56432,390,3,26.339999999999996
56433,390,3,33.03
56435,390,3,26.339999999999996
56438,277,8,68.64
56449,369,65,4705.32
56452,282,2,13.07
56456,390,1,127.33
56457,283,5,355.67
56458,281,6,311.96
56460,390,1,127.33
56461,390,1,127.33
56470,390,4,34.92
56471,390,3,25.950000000000003
56473,239,6,138.70999999999998
56475,381,3,32.59
56476,390,2,17.52
56478,390,2,17.54
56479,390,3,28.53
56480,368,7,79.74
56483,390,2,21.7
56488,390,1,219.55
56489,383,2,220.35
56490,390,1,124.08
56493,390,3,25.950000000000003
56496,390,2,251.41
56498,390,1,127.33
56501,390,2,251.41
56502,390,2,251.41
56504,390,2,251.41
56505,390,2,248.16
56506,390,2,248.16
56507,14,3,314.58
56509,390,2,248.16
56510,277,8,1055.21
56511,14,5,505.08
56512,379,51,824.9
56513,390,2,248.16
56514,187,10,1338.51
56515,390,1,127.33
56516,187,12,1340.17
56518,390,1,127.33
56519,98,76,5351.7
56520,390,1,127.33
56521,390,1,4.45
56522,390,2,254.66
56525,390,2,251.41
56526,390,2,248.16
56527,390,2,248.16
56528,380,5,296.55
56535,390,19,159.97
56538,390,2,269.64
56540,277,4,732.68
56547,14,31,3992.99
56548,390,4,32.2
56554,390,2,17.88
56557,389,2,165.94
56572,372,2,77.9
56575,389,2,21.2
56576,389,3,115.10999999999999
56580,389,2,22.82
56581,208,15,199.74
56582,389,1,8.28
56584,389,4,104.84
56587,389,1,121.02
56589,389,1,102.33
56595,305,10,0.0
56599,389,1,3.65
56614,64,22,141.14000000000001
56626,389,3,30.630000000000003
56629,388,13,136.43
56631,389,2,20.7
56649,367,30,476.48
56650,389,4,53.84
56689,388,2,18.36
56690,388,2,23.22
56691,388,3,25.86
56692,388,2,17.78
56693,388,13,117.76
56694,388,3,24.599999999999998
56697,388,1,4.18
56703,355,3,23.2
56704,388,2,8.6
56706,388,1,8.57
56714,388,3,26.79
56716,283,1,9.81
56726,281,12,440.27000000000004
56728,388,3,48.72
56729,388,1,8.52
56790,370,2,45.24
56795,367,3,251.85000000000002
56801,135,1,3.15
56847,386,5,46.2
56848,386,2,29.16
56849,344,6,89.71000000000001
56855,386,4,47.32
56861,386,1,9.3
56862,386,1,32.98
56864,11,15,495.62
56866,386,1,3.11
56868,284,3,23.860000000000003
56869,386,3,25.89
56870,386,2,17.24
56872,386,2,19.92
56875,272,22,407.71
56876,386,1,35.89
56878,386,4,32.84
56882,383,1,103.21
56887,386,4,41.46
56890,386,6,57.54
56892,277,12,499.11
56895,386,3,29.490000000000002
56901,386,3,30.75
56912,386,8,73.28
56929,386,4,36.7
56933,386,3,27.72
56946,385,8,894.64
56955,385,3,24.54
56958,385,3,12.72
56959,385,3,27.869999999999997
56961,385,5,50.75
56962,385,1,8.56
56966,385,2,19.26
56971,385,2,33.62
56972,362,1,124.05
56974,385,1,40.75
56975,281,12,124.94
56976,19,40,1429.22
56981,385,1,10.76
56982,385,1,10.76
56983,385,5,48.550000000000004
56989,259,1,19.56
57000,385,3,30.21
57011,385,1,1.72
57025,385,2,26.04
57040,385,8,65.2
57052,367,4,37.4
57057,384,1,115.6
57075,369,3,16.98
57081,384,1,45.18
57082,384,1,8.95
57088,262,50,2522.91
57089,320,6,39.47
57110,384,1,10.58
57117,384,4,33.04
57138,384,1,13.26
57165,384,1,115.6
57169,384,1,97.69
57181,384,2,6.220000000000001
57194,320,3,22.85
57199,370,4,37.96
57222,372,3,35.97
57223,383,1,8.19
57230,383,2,5.28
57232,383,1,7.77
57235,371,1,33.43
57237,383,2,17.44
57258,182,11,747.93
57260,383,1,76.19
57262,383,4,34.72
57271,383,2,17.42
57272,351,4,35.32
57276,383,2,17.78
57279,383,3,24.660000000000004
57283,328,1,20.43
57300,368,6,49.94
57303,356,3,81.11
57306,62,44,358.54
57334,382,1,61.43
57347,383,1,14.34
57361,382,2,64.84
57375,382,3,16.98
57379,79,1,4.73
57384,382,1,4.22
57393,382,1,6.96
57398,81,17,2682.55
57419,382,1,49.68
57423,320,2,22.84
57434,275,12,1778.01
57435,382,2,17.16
57436,382,1,122.21
57437,379,3,152.14000000000001
57444,379,3,144.04000000000002
57446,328,2,32.57
57449,382,2,16.66
57463,382,2,12.96
57480,349,2,34.22
57502,381,2,14.66
57504,260,4,66.39
57505,381,4,53.8
57515,381,2,19.68
57518,343,4,2328.19
57523,14,57,2137.46
57524,381,1,2.26
57525,293,4,39.3
57530,381,1,3.69
57545,322,4,21.46
57555,328,2,10.95
57560,381,1,16.4
57562,380,1,14.78
57576,380,2,8.54
57577,328,1,10.46
57627,7,45,2023.41
57649,346,3,162.89999999999998
57654,374,1,4.27
57674,380,3,165.66
57688,328,1,24.24
57689,380,2,27.04
57710,380,2,8.58
57711,380,2,20.34
57734,362,1,0.16
57742,380,1,128.0
57748,328,1,3.23
57751,380,2,14.28
57763,165,3,21.71
57774,380,2,14.36
57778,102,1,6.16
57786,350,29,8278.48
57788,380,1,8.33
57793,380,1,225.55
57807,380,1,163.22
57815,380,1,159.77
57827,380,2,15.5
57843,380,1,189.09
57853,316,6,129.56
57867,380,1,11.84
57869,328,3,9.71
57872,380,1,225.55
57930,328,4,97.71000000000001
57938,328,1,22.81
57942,366,1,16.3
58004,369,3,1285.98
58008,328,2,1.43
58014,380,1,143.58
58015,175,2,124.65
58022,328,3,10.54
58026,380,1,88.42
58046,380,1,4.05
58081,337,2,12.5
58109,379,1,233.38
58144,284,1,38.27
58147,379,1,7.36
58166,165,6,783.46
58208,379,1,177.12
58222,379,1,177.12
58262,179,2,222.6
58282,11,31,5574.78
58326,11,14,1337.18
58333,320,7,15.01
58334,369,2,129.34
58337,14,11,1160.1599999999999
58343,14,18,1424.93
58349,379,1,116.13
58366,379,1,183.6
58369,379,2,22.2
58371,379,1,17.06
58375,11,17,2744.81
58379,328,1,89.95
58381,11,54,5670.05
58393,11,41,4272.58
58401,11,5,630.8399999999999
58404,277,6,2266.77
58405,109,33,3672.25
58412,379,1,124.32
58421,157,69,5645.89
58433,379,1,120.27
58441,379,1,120.27
58442,379,1,120.27
58444,291,6,148.29999999999998
58454,379,1,124.32
58456,187,25,2426.7799999999997
58457,277,45,2193.28
58463,373,1,78.89
58465,379,1,124.32
58481,379,1,124.32
58514,282,3,190.57999999999998
58537,379,2,29.16
58544,379,1,120.27
58545,379,2,123.64
58578,370,2,328.37
58592,379,1,120.27
58596,379,1,120.27
58599,379,1,120.27
58600,379,1,120.27
58607,379,1,11.37
58655,379,1,398.39
58667,379,1,130.86
58670,379,1,130.86
58671,379,1,130.86
58674,379,1,126.6
58678,379,1,126.6
58683,379,1,130.86
58687,276,17,1498.62
58688,290,3,203.0
58689,379,1,195.06
58694,109,13,960.13
58695,291,12,743.3399999999999
58697,104,8,737.99
58698,278,7,842.31
58700,291,7,650.9
58701,291,5,514.0
58702,278,11,2757.66
58705,291,6,518.04
58707,278,6,1033.76
58708,190,31,2693.23
58709,280,19,2122.62
58711,190,19,2322.84
58712,291,7,655.98
58714,379,1,14.73
58716,379,1,130.86
58717,291,5,514.0
58718,281,10,556.64
58727,281,5,1659.46
58736,379,2,17.18
58739,379,1,130.86
58741,278,5,998.0600000000001
58742,278,5,998.0600000000001
58746,284,5,1054.74
58752,379,1,130.86
58753,327,5,638.44
58755,379,1,130.86
58757,284,5,1541.5700000000002
58759,183,10,2239.87
58762,379,1,130.86
58768,281,5,431.63
58769,370,1,4.08
58774,379,1,126.6
58778,379,1,126.6
58779,190,10,885.5799999999999
58785,379,1,126.6
58788,183,19,2356.71
58791,190,9,1221.96
58792,277,6,408.99
58797,379,1,126.6
58799,378,1,176.67
58800,379,1,126.6
58803,379,1,30.91
58807,379,1,126.6
58814,190,9,1235.0
58816,277,5,645.52
58819,379,1,126.6
58825,190,9,1218.26
58827,190,9,1214.0
58828,277,5,464.32000000000005
58837,190,11,1673.02
58843,378,2,45.66
58849,328,4,433.91999999999996
58856,378,1,81.61
58870,265,4,38.41
58878,378,1,11.34
58881,378,1,11.34
58882,378,1,24.47
58906,377,1,40.09
58913,378,10,110.96
58933,375,1,2.53
58937,280,4,203.72
58948,377,1,76.09
58954,328,3,763.52
58955,328,1,40.07
58965,377,1,8.34
58976,377,1,261.82
58990,377,2,22.58
58995,377,3,348.54
58996,377,3,348.54
59004,377,1,320.73
59011,377,4,33.56
59020,377,6,115.02000000000001
59034,371,2,10.22
59041,376,1,65.73
59044,376,2,13.48
59046,376,2,42.72
59047,306,7,60.58
59052,376,2,27.36
59057,376,1,13.56
59061,376,3,11.55
59068,376,1,2.46
59071,376,1,8.63
59077,272,14,138.76000000000002
59104,376,2,16.82
59105,376,1,16.42
59116,369,1,163.24
59158,328,1,24.45
59161,375,1,78.89
59163,375,1,78.89
59169,365,1,0.98
59176,11,76,3754.65
59185,375,1,7.11
59187,375,2,16.52
59189,375,1,9.25
59196,375,3,20.91
59200,375,1,103.55
59209,375,1,77.25
59211,375,1,10.89
59214,375,1,10.47
59238,176,5,118.95
59239,374,2,14.24
59241,374,2,16.26
59255,374,3,24.509999999999998
59256,374,2,23.0
59257,374,2,24.64
59258,374,2,23.02
59259,374,3,34.53
59260,374,2,23.02
59261,374,3,34.53
59263,374,2,17.74
59265,374,3,34.83
59267,374,2,23.7
59268,374,2,159.1
59269,374,2,23.32
59273,374,1,3.7
59278,374,1,82.19
59280,374,1,78.89
59342,373,2,21.3
59388,372,1,146.16
59399,372,3,143.19
59400,284,3,342.01
59408,372,1,14.73
59411,372,1,32.21
59412,372,2,52.06
59416,372,3,70.59
59424,328,2,698.11
59425,372,4,30.52
59432,371,1,170.88
59434,372,4,34.72
59438,371,1,36.06
59440,372,2,17.82
59443,276,28,398.12
59445,372,2,17.82
59447,372,2,17.82
59448,372,1,178.45
59449,368,8,65.68
59451,368,6,49.22
59452,372,2,16.46
59453,372,2,16.46
59455,368,8,65.68
59456,372,4,32.92
59457,20,9,67.59
59463,372,3,35.79
59471,371,6,106.89999999999999
59474,104,8,235.87
59482,371,2,20.76
59483,299,4,64.38
59485,371,1,8.99
59486,371,4,38.519999999999996
59489,371,3,105.96000000000001
59496,371,1,48.24
59499,56,5,51.78
59503,371,1,12.14
59514,371,2,25.8
59534,371,4,25.08
59544,369,1,191.81
59550,335,7,35.18
59559,371,1,12.26
59573,277,1,18.55
59580,370,2,115.7
59587,328,1,1.31
59591,299,4,38.96
59600,370,1,184.05
59606,370,1,36.07
59617,370,2,18.0
59623,328,2,34.47
59625,370,2,709.86
59634,370,1,12.26
59638,370,1,420.82
59646,354,2,12.6
59651,368,5,111.44
59661,370,2,16.6
59662,369,2,19.56
59666,369,1,10.04
59679,237,14,1185.51
59691,369,3,31.77
59695,369,1,4.48
59707,369,2,32.64
59713,176,8,95.64
59740,369,1,644.8
59743,364,15,1452.52
59755,369,1,109.36
59766,368,2,151.64
59772,368,1,634.3
59777,368,2,16.94
59779,368,1,18.16
59793,328,1,3.52
59795,21,6,267.16999999999996
59796,368,3,535.48
59806,368,1,45.31
59843,185,5,425.77000000000004
59850,357,1,11.54
59854,368,1,69.29
59855,368,1,69.29
59857,368,1,69.29
59858,368,1,69.29
59859,368,1,69.29
59860,365,1,9.75
59867,305,1,9.76
59878,340,4,26.88
59884,367,2,16.54
59892,214,1,12.3
59901,367,1,183.44
59902,367,1,83.4
59904,55,4,51.31
59915,367,2,16.46
59922,206,20,207.67000000000002
59929,367,1,118.22
59943,367,4,79.88
59977,366,1,9.91
60002,365,1,158.47
60019,365,1,153.75
60021,322,1,15.98
60027,365,1,39.86
60034,365,2,19.52
60040,365,1,13.83
60044,365,1,8.14
60051,176,15,1605.33
60052,239,18,4193.41
60053,283,10,999.55
60060,365,2,22.76
60063,284,9,442.43
60067,365,1,81.35
60076,365,3,16.490000000000002
60085,365,1,69.14
60086,365,1,69.14
60087,365,1,69.14
60088,365,1,69.14
60089,365,1,69.14
60090,365,1,69.14
60092,365,1,69.14
60093,365,1,69.14
60095,365,1,69.14
60097,365,1,69.14
60098,365,1,69.14
60099,365,1,69.14
60101,365,1,69.14
60103,365,1,69.14
60105,365,1,69.14
60106,365,1,69.14
60111,364,2,136.14
60149,364,1,6.9
60150,284,12,112.92
60152,364,1,10.06
60160,364,2,784.6700000000001
60161,364,1,8.05
60166,364,1,17.71
60169,342,4,35.66
60170,363,3,208.98
60174,364,1,17.31
60175,364,2,19.64
60177,328,3,16.66
60180,364,1,143.74
60200,363,1,79.98
60206,364,1,612.35
60207,349,13,2647.48
60208,364,6,50.22
60217,328,1,3.25
60225,363,1,2.56
60233,363,1,8.4
60237,363,1,8.0
60246,283,1,36.8
60267,362,1,152.26
60328,183,10,858.12
60336,362,1,9.91
60344,291,3,56.66
60347,291,8,638.98
60349,322,9,771.94
60350,362,1,68.47
60352,362,1,68.47
60353,362,1,68.47
60354,362,1,68.47
60355,362,1,68.47
60356,362,1,68.47
60358,362,1,68.47
60359,362,1,68.47
60360,362,1,68.47
60361,362,1,68.47
60391,328,1,9.94
60463,328,1,8.18
60480,358,1,4.04
60493,358,1,69.28
60512,357,1,8.09
60522,357,1,77.68
60524,357,1,153.42
60526,357,1,77.68
60528,328,3,36.18
60577,356,1,67.83
60601,356,1,67.83
60605,356,1,9.9
60607,356,1,7.94
60614,356,1,7.98
60619,320,3,28.77
60620,356,1,12.85
60622,356,2,16.26
60638,320,7,60.64
60645,278,1,6.1
60662,356,1,758.2
60673,355,2,23.08
60674,349,2,1048.32
60680,355,2,19.14
60692,355,3,35.31
60712,355,2,26.14
60715,85,33,1636.56
60723,354,1,39.48
60728,354,2,23.6
60738,354,2,20.86
60745,320,3,111.92
60746,157,20,437.37
60774,347,2,3.5700000000000003
60783,353,4,33.96
60786,309,1,169.41
60811,352,1,6.81
60828,328,2,1.64
60845,320,2,48.94
60847,320,2,24.48
60849,351,2,14.18
60851,351,1,293.82
60853,351,1,517.72
60856,11,41,1786.21
60857,351,2,28.02
60858,320,2,24.48
60859,320,2,24.48
60866,328,1,20.57
60869,320,2,24.48
60871,347,1,83.84
60873,351,1,14.33
60875,320,1,4.64
60884,351,4,46.72
60896,350,3,91.59
60897,284,1,6.13
60898,350,1,50.77
60900,232,7,67.44
60901,350,1,17.6
60917,1,21,1409.31
60920,350,2,16.62
60931,344,2,19.3
60934,350,1,80.02
60943,349,1,80.56
60946,328,3,26.17
60948,349,3,660.56
60949,320,2,24.48
60950,349,2,19.1
60955,328,2,8.33
60956,328,5,2.25
60961,342,4,0.0
60962,320,5,25.26
60972,349,1,7.74
60982,183,18,2682.71
60983,276,12,1054.62
60984,183,6,496.38
60989,348,1,351.99
60991,158,8,792.49
60992,348,1,247.65
60993,348,2,0.0
60995,328,3,7.35
60996,348,1,9.62
60997,343,2,0.0
61000,328,2,27.29
61003,348,1,13.23
61007,343,6,0.0
61009,113,59,5099.33
61013,348,1,84.32
61015,190,31,2857.22
61017,348,1,91.41
61020,342,4,0.0
61025,348,2,18.44
61042,343,1,5.55
61044,347,1,246.63
61046,347,1,262.31
61050,347,1,167.68
61051,347,2,33.34
61052,347,1,610.85
61053,347,4,41.519999999999996
61054,347,3,44.31
61055,328,6,58.809999999999995
61056,347,2,19.96
61057,347,3,28.349999999999998
61058,347,2,30.34
61059,347,3,24.78
61061,344,4,51.3
61068,347,2,15.98
61070,347,2,17.08
61071,286,8,96.29
61078,328,3,7.32
61079,320,2,3.67
61093,347,2,156.5
61094,328,6,49.85
61098,346,1,39.13
61105,346,1,3.99
61112,346,2,18.92
61116,328,6,36.21
61120,340,8,269.39
61121,346,2,20.76
61122,346,2,17.56
61125,346,2,13.16
61131,346,6,111.0
61140,346,1,5.11
61189,344,1,52.27
61191,344,1,99.48
61192,344,1,8.04
61193,344,2,20.1
61194,344,1,8.85
61195,339,3,34.68
61196,344,2,20.9
61199,344,4,69.16
61200,344,3,38.61
61201,344,2,25.74
61205,344,2,26.94
61207,344,2,16.88
61208,344,1,35.87
61211,344,3,21.69
61213,344,2,10.25
61214,339,6,251.14000000000001
61216,344,1,89.67
61219,344,2,16.88
61220,344,1,68.35
61221,344,2,20.1
61222,344,1,68.35
61223,344,1,68.35
61224,344,1,68.35
61225,344,2,17.7
61226,344,1,68.35
61230,344,2,252.52
61232,328,1,4.9
61250,320,4,35.06
61251,328,1,9.08
61253,343,2,16.88
61254,343,2,16.88
61255,343,1,165.62
61263,320,3,26.81
61265,343,1,77.18
61266,343,1,39.4
61272,343,1,101.3
61274,343,1,111.9
61279,343,2,19.3
61286,343,1,149.54
61294,328,4,750.12
61298,320,2,13.14
61301,342,2,18.22
61302,320,8,63.07
61303,342,2,23.76
61307,342,1,244.63
61309,342,1,79.98
61311,342,1,11.87
61312,342,1,0.0
61315,328,1,10.63
61316,342,1,7.92
61322,342,1,514.8
61324,342,2,14.600000000000001
61326,328,4,27.52
61330,328,5,80.33000000000001
61331,183,1,195.1
61340,85,34,448.24
61342,341,1,56.51
61343,190,18,1615.05
61344,341,1,22.86
61345,182,1,102.6
61348,341,4,342.71000000000004
61351,341,2,16.82
61352,320,11,81.29
61353,341,1,632.56
61354,341,2,37.62
61356,341,1,247.25
61358,190,25,2234.29
61359,341,1,132.87
61360,341,4,62.44
61362,328,1,2.2
61363,341,1,3.59
61365,341,2,16.82
61368,183,1,195.1
61373,183,1,77.43
61374,104,1,87.09
61378,328,1,6.13
61379,341,1,92.26
61381,341,2,28.82
61384,341,1,48.21
61386,341,1,6.8
61388,341,4,86.44
61391,320,2,12.24
61392,341,2,17.62
61393,328,1,112.37
61396,320,6,588.99
61397,341,4,381.6
61400,341,1,95.4
61404,341,5,24.35
61406,328,1,19.99
61411,291,3,287.65
61415,264,31,25577.629999999997
61418,328,1,2.33
61420,320,4,45.56
61427,320,3,15.84
61428,340,3,42.99
61429,340,2,19.38
61432,340,1,6.86
61433,320,3,20.0
61438,264,2,204.68
61439,328,1,2.0
61441,340,1,3.63
61445,340,2,17.76
61448,340,3,44.82
61449,328,2,20.97
61450,320,3,12.39
61452,340,2,17.76
61455,328,1,24.52
61458,293,2,95.22
61460,340,1,118.56
61461,340,1,68.64
61466,315,52,27874.59
61468,340,4,35.54
61470,340,3,106.83
61472,328,1,32.18
61473,328,1,1.95
61476,328,2,715.04
61478,340,2,13.22
61479,340,2,18.56
61482,340,2,13.16
61483,277,16,2970.34
61491,297,27,715.16
61493,339,1,241.39
61495,339,3,44.46
61496,14,99,6930.71
61502,328,1,9.4
61504,43,97,2581.84
61505,320,4,30.64
61507,339,1,8.36
61508,320,3,12.52
61514,328,3,4.54
61515,328,4,12.28
61516,328,1,9.61
61525,328,1,4.09
61526,320,3,16.66
61530,339,2,16.72
61532,328,3,17.32
61542,309,2,25.61
61543,328,1,13.89
61548,328,1,8.75
61554,328,1,2.25
61557,320,2,15.49
61560,320,2,20.39
61565,338,1,19.37
61567,337,5,66.54
61569,328,1,88.34
61573,320,2,13.14
61574,328,1,2.04
61576,337,3,28.759999999999998
61578,278,3,31.83
61579,320,4,50.2
61581,314,3,14.23
61589,337,4,31.92
61592,337,2,0.0
61593,337,2,13.82
61594,337,1,0.0
61595,337,1,0.0
61596,337,1,0.0
61598,337,1,0.0
61602,337,5,61.050000000000004
61606,328,1,7.36
61609,320,2,29.23
61616,320,2,4.88
61618,328,1,8.18
61622,328,1,193.47
61623,336,1,633.67
61624,336,1,441.46
61637,336,1,6.41
61640,320,2,20.65
61643,328,1,8.99
61647,328,1,6.13
61648,328,1,11.61
61650,328,1,5.72
61657,335,1,145.55
61659,328,5,35.58
61660,225,7,65.98
61663,320,2,12.16
61667,328,2,9.79
61669,328,3,19.3
61672,328,2,899.05
61673,328,2,504.40999999999997
61675,320,3,14.68
61676,335,3,136.34
61677,328,1,20.44
61678,320,2,13.86
61682,328,1,12.26
61683,328,1,35.14
61685,328,4,2349.4700000000003
61686,328,1,175.22
61687,335,1,644.34
61688,328,1,65.41
61689,328,3,39.21
61698,328,1,9.4
61700,320,2,14.68
61701,328,1,5.32
61702,334,1,151.22
61704,328,1,2.04
61710,116,79,9477.18
61711,182,42,4344.53
61712,334,1,151.22
61713,328,1,251.32
61714,320,2,48.96
61726,284,10,1131.26
61727,328,2,1292.78
61728,190,11,857.65
61729,320,3,21.61
61731,190,15,1429.46
61733,11,14,2014.21
61734,183,16,2540.92
61735,167,13,2538.95
61739,328,1,149.93
61740,320,2,6.51
61741,320,2,9.39
61744,328,3,26.99
61745,328,1,8.36
61746,328,1,2.44
61747,328,1,19.62
61748,320,4,13.629999999999999
61749,299,3,131.92
61750,320,6,56.4
61753,328,1,3.26
61755,328,1,157.59
61756,334,1,148.36
61759,328,3,4.29
61761,116,80,9000.41
61762,328,1,77.68
61763,328,1,20.24
61764,328,1,791.61
61767,190,22,2240.18
61768,334,1,134.86
61769,328,1,2.7
61771,132,2,14.870000000000001
61773,334,1,28.38
61774,320,2,9.39
61775,190,16,1593.44
61776,328,2,7.369999999999999
61778,328,2,310.08000000000004
61779,182,19,2581.8
61780,334,1,148.36
61781,328,1,15.48
61782,282,6,616.5
61784,334,1,148.36
61785,282,7,718.91
61786,271,2,346.62
61787,184,11,1500.1599999999999
61788,282,7,718.91
61790,328,1,175.22
61791,328,3,580.55
61792,328,1,157.59
61799,328,1,12.26
61801,14,10,319.34000000000003
61804,187,10,1088.63
61805,282,4,238.54000000000002
61806,328,1,157.59
61807,328,1,361.47
61809,334,2,179.56
61812,328,1,11.24
61813,328,1,149.93
61814,277,6,735.0999999999999
61815,328,1,175.22
61816,328,1,3.43
61823,320,4,37.94
61824,328,1,5.72
61825,333,1,9.91
61826,328,1,185.45
61828,328,1,6.53
61829,328,1,4.33
61830,328,2,41.38
61831,320,2,9.39
61834,333,1,636.91
61838,328,1,3.67
61839,333,1,229.7
61840,328,1,32.18
61841,328,2,602.6
61842,328,2,602.6
61843,320,2,48.96
61845,328,1,185.45
61847,328,4,13.08
61848,320,3,14.7
61849,320,2,65.27
61850,328,2,6.43
61853,328,1,17.16
61854,328,1,27.35
61856,328,1,14.38
61857,328,1,17.17
61858,328,5,33.53
61859,328,1,154.14
61860,333,2,23.78
61861,320,2,15.73
61862,328,1,14.72
61863,333,1,18.54
61864,328,1,20.84
61865,328,1,157.59
61867,328,1,66.04
61868,320,2,14.350000000000001
61870,284,6,645.63
61871,328,1,151.77
61873,328,1,783.6
61874,328,1,18.81
61875,320,3,16.57
61877,328,3,7.75
61878,328,1,19.62
61879,328,1,2.7
61880,328,2,5.4799999999999995
61881,328,2,5.38
61882,328,2,8.17
61883,328,1,6.95
61884,328,1,3.68
61885,328,2,146.88
61886,328,1,8.59
61890,328,1,8.17
61891,320,4,27.72
61892,328,2,7.68
61893,328,4,9.69
61894,328,1,8.17
61895,328,1,8.59
61896,309,2,32.97
61897,328,1,9.54
61898,328,1,3.07
61899,328,1,8.18
61900,328,1,5.32
61903,328,1,119.38
61904,328,2,16.96
61908,328,1,2.29
61909,320,2,13.04
61912,328,1,9.81
61914,328,1,4.08
61915,320,2,6.51
61917,320,2,16.310000000000002
61918,328,4,10.21
61919,328,1,10.96
61921,328,1,25.19
61922,328,1,10.52
61925,320,5,14.21
61926,328,10,53.6
61928,328,1,6.13
61929,328,1,2.85
61930,328,2,14.14
61933,328,1,16.35
61934,328,1,14.05
61935,328,1,12.26
61936,328,1,12.14
61937,328,1,34.14
61938,328,5,40.85
61939,320,3,19.17
61941,328,1,10.32
61943,328,1,6.54
61944,328,1,12.27
61945,328,1,7.2
61946,328,1,13.08
61948,328,3,555.47
61949,328,1,122.65
61950,276,6,380.55
61951,328,1,12.22
61952,320,2,13.14
61955,328,1,14.15
61956,328,1,2.0
61957,320,3,18.1
61958,328,1,6.44
61959,328,1,8.36
61960,328,1,4.37
61961,328,1,17.65
61962,328,1,5.31
61963,328,1,1.19
61965,320,6,41.06
61968,328,3,57.3
61969,328,2,367.08
61970,328,1,1.08
61971,320,3,16.740000000000002
61972,328,1,8.18
61973,328,2,11.649999999999999
61980,328,1,2.75
61981,320,2,18.77
61982,328,1,5.72
61983,328,1,4.29
61985,328,1,5.72
61987,162,1,4.94
61989,328,1,646.15
61991,328,3,4.17
61995,328,5,43.230000000000004
61998,329,1,150.04
61999,228,14,248.37
62003,329,1,150.04
62021,14,160,12965.32
62029,329,1,3.64
62052,328,1,84.55
62054,328,1,299.85
62061,328,8,78.24
62064,328,1,110.38
62067,328,2,12.2
62072,225,5,165.12
62091,328,1,149.93
62092,328,4,44.96
62097,328,2,17.14
62098,14,63,6133.7699999999995
62102,187,9,919.16
62106,327,1,149.71
62112,327,2,20.58
62113,190,14,1977.3999999999999
62116,284,11,1199.8899999999999
62118,327,1,171.46
62124,11,21,1834.22
62127,327,1,98.88
62141,283,18,195.01
62144,327,1,69.67
62145,327,1,98.88
62148,327,2,14.42
62153,107,8,190.32999999999998
62154,327,1,110.22
62167,183,15,1672.84
62170,327,2,624.3
62172,14,8,1059.5
62174,190,10,1542.1699999999998
62175,327,1,98.88
62176,327,1,98.88
62177,11,8,861.2
62178,277,5,617.8
62179,111,7,920.02
62180,183,13,1618.16
62181,111,10,1308.16
62182,320,5,468.72999999999996
62197,326,2,58.4
62198,284,2,985.9
62210,326,1,251.53
62213,323,3,33.08
62214,326,4,36.84
62215,326,1,11.45
62218,322,1,78.46
62219,326,2,241.44
62220,277,6,338.66
62232,326,9,75.78
62234,326,2,283.78
62236,326,1,118.68
62239,275,5,260.19
62243,326,1,110.49
62249,260,75,137138.17
62251,326,5,58.46
62284,314,1,12.39
62290,325,4,34.72
62306,216,2,333.89
62316,325,1,16.73
62383,15,33,3786.0099999999998
62417,324,1,5.31
62439,323,1,150.75
62440,323,1,150.75
62442,323,2,17.9
62452,323,1,511.0
62472,323,1,150.75
62473,277,8,74.98
62476,323,1,5.34
62499,301,3,40.52
62524,318,13,6297.57
62525,322,1,86.04
62539,190,3,560.42
62547,322,1,16.39
62550,11,49,3723.9
62567,322,1,219.91
62569,322,1,106.53
62581,291,1,212.74
62590,322,1,129.39
62595,322,1,129.39
62597,135,26,1580.61
62600,284,6,117.71000000000001
62602,322,1,129.39
62621,322,1,64.76
62622,278,2,101.56
62625,322,1,139.31
62627,322,1,80.01
62629,322,1,35.52
62631,322,1,129.39
62635,106,14,1310.28
62638,322,1,137.08
62642,322,1,35.52
62643,322,1,137.08
62647,322,3,246.85
62652,322,1,55.76
62654,322,1,139.31
62656,105,15,1017.8
62658,322,1,139.31
62659,322,1,150.98
62662,322,2,84.69
62671,322,1,150.98
62674,322,1,35.52
62677,252,6,189.25
62679,322,1,102.43
62684,322,1,137.08
62696,88,153,3022.18
62697,322,1,164.37
62702,322,1,164.37
62703,322,1,137.08
62704,322,1,137.08
62705,322,1,137.08
62708,322,1,137.08
62712,322,1,137.08
62739,4,86,6718.39
62747,53,39,3320.76
62748,103,59,4220.03
62753,322,1,164.37
62758,322,1,164.37
62765,322,3,484.61
62767,116,27,1465.66
62777,322,1,91.05
62778,14,50,5520.59
62782,322,2,116.35
62785,279,11,1132.01
62786,53,72,13427.07
62789,11,23,2657.58
62790,264,10,447.26
62793,322,1,91.05
62794,180,36,3662.41
62798,284,6,401.58000000000004
62801,322,1,57.36
62806,279,2,25.26
62809,322,1,188.95
62810,322,1,145.27
62811,15,13,926.51
62812,322,1,164.37
62816,322,1,137.68
62818,279,2,122.44
62819,322,1,191.23
62842,322,1,77.84
62846,322,1,63.95
62853,322,1,63.95
62868,322,4,445.58
62869,284,3,275.4
62871,322,3,383.95000000000005
62888,322,2,75.14
62889,276,4,483.03999999999996
62891,322,1,81.94
62898,322,3,132.67000000000002
62903,135,5,554.31
62912,29,5,341.56
62915,276,4,340.83
62924,322,1,81.94
62930,322,1,150.98
62943,322,2,78.02
62944,322,1,35.52
62958,275,6,298.59999999999997
62961,322,1,81.94
62965,15,1,101.2
62967,322,1,172.56
62969,271,11,23805.57
62971,322,2,126.82
62973,322,2,17.86
62984,322,1,77.84
62985,322,1,81.94
62988,322,1,137.08
62989,322,3,274.5
62992,322,1,235.19
62998,322,1,88.46
63005,322,1,145.27
63007,322,2,225.58
63011,322,4,203.89999999999998
63013,181,91,2362.48
63017,322,1,172.56
63026,322,1,135.89
63027,322,2,176.92
63032,166,10,809.64
63033,284,3,476.31
63038,322,1,172.56
63039,322,1,172.56
63045,277,9,806.61
63049,283,7,625.62
63064,322,1,86.04
63074,16,92,1793.2
63082,313,2,192.77
63094,322,10,83.80000000000001
63096,322,1,197.7
63109,322,1,96.65
63114,322,1,145.27
63116,322,1,145.27
63121,322,1,96.65
63123,322,1,88.46
63131,322,1,88.46
63134,322,2,114.65
63136,322,1,197.7
63137,322,1,197.7
63142,322,1,57.36
63143,322,6,345.04
63147,322,1,88.46
63151,322,3,305.93
63154,322,1,88.46
63161,322,1,147.5
63167,100,6,768.37
63169,322,1,88.46
63171,322,1,141.68
63178,111,25,2938.56
63180,322,1,88.46
63184,322,1,73.75
63185,111,6,1405.9299999999998
63187,322,1,39.62
63189,322,1,88.46
63193,322,1,39.62
63196,322,1,532.67
63203,322,4,394.03
63206,322,1,127.83
63210,322,1,96.65
63212,284,1,299.19
63220,116,47,7084.21
63262,322,1,138.5
63275,322,1,169.86
63285,322,2,26.04
63364,321,1,70.25
63365,321,1,102.1
63366,321,1,70.25
63367,321,1,70.25
63368,321,1,70.25
63372,321,1,149.78
63374,321,1,3.27
63380,321,1,102.1
63386,321,1,102.1
63389,321,1,102.1
63390,321,1,102.1
63391,321,1,102.1
63393,321,1,102.1
63399,277,1,239.16
63420,237,3,605.86
63421,321,1,109.48
63457,320,1,9.51
63458,320,1,104.26
63462,320,1,104.26
63464,16,16,1196.96
63474,279,4,341.77
63477,320,1,149.41
63480,304,2,81.49
63482,320,2,208.52
63484,306,3,198.39
63494,320,1,8.15
63504,320,1,121.42
63505,320,4,37.26
63514,320,1,17.92
63551,319,1,314.33
63552,319,1,11.38
63560,277,6,99.67999999999999
63561,319,2,21.94
63580,319,16,153.85
63610,319,2,156.18
63631,318,1,130.15
63639,318,3,24.42
63643,277,9,2489.2799999999997
63684,317,3,34.86
63693,317,2,854.9
63698,316,1,109.79
63711,188,6,60.459999999999994
63720,316,1,695.36
63722,316,1,95.59
63726,316,1,109.79
63728,316,2,17.2
63729,277,2,229.48999999999998
63739,316,6,70.98
63744,316,1,8.54
63757,316,2,17.06
63768,315,1,4.07
63771,315,3,27.78
63773,315,1,220.2
63779,315,1,16.31
63780,274,19,662.29
63783,209,9,464.26
63787,315,4,35.88
63793,315,1,110.1
63800,315,1,277.3
63837,315,2,48.94
63842,314,1,73.58
63882,277,1,155.72
63911,315,1,5.95
63929,315,1,24.47
63993,314,6,294.01
64035,315,1,12.23
64136,314,1,12.26
64199,314,1,37.14
64200,314,1,36.79
64211,314,1,98.1
64253,314,2,51.96
64290,314,2,16.8
64294,314,1,723.81
64298,314,3,294.29999999999995
64330,279,8,284.4
64363,313,3,26.94
64366,313,1,56.4
64370,187,8,977.69
64371,189,5,613.0
64372,313,2,122.8
64397,313,1,61.4
64407,313,2,36.839999999999996
64408,313,3,61.4
64430,146,3,21.54
64455,313,3,714.0300000000001
64460,313,2,26.18
64466,313,3,274.38
64474,279,5,551.42
64478,280,12,997.78
64483,178,5,38.44
64485,313,1,2.41
64493,313,4,196.48
64523,271,11,958.77
64539,313,2,188.26
64541,313,1,213.86
64552,313,1,65.02
64557,313,1,65.02
64560,313,2,427.72
64563,313,1,91.46
64564,256,5,352.35999999999996
64565,313,1,230.23
64567,313,3,274.38
64592,76,1,126.02
64613,283,8,630.14
64616,312,1,13.73
64621,307,8,63.519999999999996
64625,312,1,2.4
64627,172,2,319.51
64652,312,2,17.56
64655,312,1,161.98
64657,312,1,81.4
64684,311,4,186.92
64686,311,1,109.88
64687,311,1,194.79
64694,311,1,4.47
64695,311,2,16.72
64699,311,1,26.23
64700,311,1,161.98
64730,311,1,109.88
64765,310,1,81.39
64778,310,1,19.54
64801,309,1,11.29
64802,309,2,18.2
64803,291,4,86.8
64804,309,6,86.52
64807,309,1,121.0
64808,309,1,133.11
64811,292,2,29.72
64818,309,3,55.53
64823,309,1,399.32
64826,309,1,108.9
64834,309,2,212.06
64846,308,1,699.72
64847,308,2,374.72
64848,308,1,100.66
64849,308,1,40.1
64851,263,13,141.26999999999998
64852,308,1,104.62
64853,308,1,13.91
64855,308,1,40.1
64856,308,1,13.59
64867,308,2,19.62
64872,308,1,64.35
64874,308,1,13.09
64887,308,1,19.64
64918,307,1,80.83
64921,307,1,148.2
64925,307,1,109.11
64930,307,1,2.38
64942,307,2,28.12
64956,10,8,101.78
64980,274,9,1023.72
64986,168,11,1511.12
64995,306,1,91.22
64999,306,2,16.64
65010,197,47,2442.32
65046,305,1,109.94
65050,305,1,101.79
65071,305,1,131.2
65080,305,2,20.86
65119,304,2,29.46
65126,304,1,772.42
65172,19,7,3084.65
65187,279,15,2803.39
65219,302,2,43.42
65220,302,1,2.47
65223,297,3,24.55
65236,302,2,340.78
65258,301,1,4.88
65259,301,1,315.26
65263,301,1,809.47
65267,275,33,1804.84
65283,301,4,77.64
65291,300,1,45.72
65303,300,2,16.11
65315,300,4,46.120000000000005
65316,300,2,20.82
65329,300,2,17.34
65355,299,1,46.38
65366,299,1,133.2
65369,277,6,669.0
65372,283,20,2384.42
65388,15,69,3005.98
65395,284,1,76.41
65396,158,2,24.55
65398,182,10,1504.37
65401,294,4,48.28
65402,299,1,8.67
65413,299,2,115.26
65430,237,4,412.28
65437,298,2,17.62
65448,252,1,8.2
65455,116,32,2967.85
65458,166,11,992.23
65460,277,9,849.54
65461,239,6,521.79
65491,282,1,385.02
65506,298,1,8.41
65507,277,8,2316.55
65509,298,3,309.9
65512,298,2,206.6
65514,291,4,406.75
65516,298,3,25.349999999999998
65519,298,3,309.9
65521,287,12,89.0
65522,291,4,406.75
65526,291,5,711.21
65528,298,2,206.6
65529,298,1,113.22
65530,298,4,380.16
65531,190,9,624.1800000000001
65535,298,1,103.3
65539,298,2,12.379999999999999
65558,298,2,190.08
65559,298,5,247.91
65563,225,6,394.96
65564,284,2,30.06
65568,283,2,336.22
65576,277,6,234.91
65587,297,1,4.54
65597,272,4,178.12
65599,297,1,41.32
65600,297,1,41.32
65610,297,1,41.32
65611,297,1,41.32
65614,297,1,41.32
65619,297,11,91.96
65621,297,2,35.3
65624,297,1,21.98
65626,295,2,229.42
65627,274,16,19501.45
65641,297,2,17.3
65663,265,3,114.81
65667,297,3,24.81
65743,295,7,67.75999999999999
65745,239,3,271.99
65752,295,2,17.72
65791,260,2,27.65
65795,190,6,435.88
65796,13,189,9715.75
65799,294,1,9.94
65806,279,2,6.51
65811,294,1,6.0
65812,294,1,427.03
65822,294,1,165.82
65834,294,5,42.75
65840,294,1,9.1
65854,223,41,365446.27999999997
65866,293,1,9.14
65868,293,1,14.44
65874,293,1,14.44
65875,293,1,14.44
65876,293,1,14.44
65878,293,2,17.66
65879,293,1,14.44
65880,293,1,14.44
65881,293,1,14.47
65882,293,2,17.7
65884,293,11,110.47000000000001
65885,293,2,27.4
65887,293,1,13.29
65921,292,3,874.1
65934,292,3,31.700000000000003
65935,266,13,796.52
65937,157,42,4243.12
65939,263,1,8.47
65952,281,5,41.72
65954,292,1,237.09
65969,292,1,238.2
65972,292,1,175.71
66006,291,1,9.09
66009,291,1,105.11
66012,291,15,1402.6
66013,291,1,473.08
66019,291,1,105.11
66044,266,5,92.85
66050,291,1,177.93
66051,105,13,839.6
66054,213,3,69.0
66057,277,8,1474.35
66059,291,6,777.3
66062,291,2,193.7
66063,47,10,2253.7
66065,11,21,2186.52
66067,268,5,77.52
66068,239,12,1589.8400000000001
66070,30,38,5164.75
66071,283,1,50.05
66072,275,3,734.31
66073,291,1,250.32
66079,284,2,100.32
66081,291,2,20.66
66082,102,14,1906.7
66086,277,8,1496.26
66091,74,16,1347.68
66092,284,5,488.40999999999997
66093,281,6,790.62
66095,291,2,193.7
66099,281,3,62.87
66101,276,7,422.75
66102,281,5,234.60999999999999
66104,166,14,1588.28
66108,284,4,303.18
66109,102,5,397.64
66111,280,9,973.11
66112,102,11,887.15
66117,284,8,733.3599999999999
66118,239,12,1589.1399999999999
66120,14,32,2429.79
66121,284,9,893.4499999999999
66125,284,8,680.0799999999999
66126,14,13,1846.9399999999998
66131,284,8,778.96
66133,291,2,22.6
66137,280,9,924.98
66138,284,8,1017.4
66142,135,2,22.78
66146,291,1,96.85
66149,277,8,725.12
66150,291,1,3.3
66153,284,11,1126.6299999999999
66154,239,12,1744.6
66155,277,8,725.12
66158,291,4,387.4
66166,277,10,1323.02
66168,284,11,1168.1399999999999
66169,291,3,290.54999999999995
66171,239,12,1516.28
66175,102,8,779.13
66176,283,8,778.96
66177,239,12,1731.14
66179,264,10,1585.76
66180,284,8,778.96
66181,277,9,970.65
66182,291,1,50.08
66183,281,6,676.47
66185,283,8,778.96
66187,284,7,681.0699999999999
66188,257,3,15.21
66189,284,8,778.96
66190,281,9,464.96
66192,283,8,778.96
66196,291,8,72.08
66200,283,8,778.96
66201,291,4,387.4
66207,284,6,549.66
66209,291,4,387.4
66215,291,1,11.16
66216,291,4,387.4
66218,291,4,387.4
66221,291,1,11.57
66222,284,8,733.3599999999999
66224,190,12,1528.6399999999999
66230,283,8,789.8399999999999
66233,171,2,219.98
66241,190,12,2294.2
66242,277,3,274.16999999999996
66243,283,8,778.96
66244,291,1,7.03
66248,283,8,778.96
66251,14,19,2490.23
66252,276,5,706.8100000000001
66256,116,12,1783.83
66257,275,6,1199.8400000000001
66259,275,6,795.96
66260,291,1,96.85
66263,291,1,96.85
66265,284,8,778.96
66268,14,16,2244.8
66273,280,9,924.98
66275,14,17,2279.57
66277,284,8,778.96
66278,190,7,949.66
66286,14,10,907.66
66288,291,4,387.4
66291,291,4,387.4
66293,291,4,387.4
66294,14,12,877.5799999999999
66297,291,4,387.4
66298,291,1,16.55
66305,290,11,611.23
66308,291,4,387.4
66312,283,6,560.06
66316,109,21,2488.16
66317,11,32,3756.67
66332,11,11,859.49
66335,273,5,331.85
66382,290,2,17.26
66385,290,1,16.55
66401,290,1,114.89
66405,290,2,37.22
66408,290,2,20.38
66411,290,2,34.72
66412,16,132,20225.08
66413,260,7,362.28
66414,290,2,160.54
66418,290,2,110.06
66430,290,2,24.76
66439,290,2,108.42999999999999
66466,290,3,61.209999999999994
66470,58,8,63.129999999999995
66505,290,1,1.29
66518,290,1,9.92
66594,290,1,7.86
66597,290,4,180.48
66600,218,4,642.23
66622,290,1,132.44
66655,290,1,6.61
66678,290,3,717.09
66692,290,4,575.8
66696,285,3,2019.66
66699,290,4,575.8
66708,290,2,287.9
66712,290,1,556.01
66720,282,1,525.95
66767,289,4,49.52
66775,16,8,265.41
66780,287,2,320.93
66785,289,1,16.55
66802,289,1,9.1
66803,289,3,30.96
66816,40,3,82.1
66821,187,6,175.68
66822,115,4,31.560000000000002
66833,284,6,459.09
66859,288,20,191.72
66860,280,14,17290.27
66862,288,2,22.869999999999997
66873,156,61,3706.1
66879,264,7,92.3
66893,288,2,16.86
66896,288,5,210.15
66920,288,1,132.58
66934,286,4,44.2
66941,165,2,107.59
66943,288,1,4.54
66959,53,120,18732.56
66975,287,1,51.96
66978,284,2,146.34
66980,284,2,35.26
66985,99,11,75.03
66991,287,3,45.06
66994,277,5,77.06
66995,287,2,14.6
66997,287,1,3.25
67003,287,2,25.54
67004,287,2,16.74
67007,145,36,3130.17
67011,287,8,78.0
67016,278,3,17.94
67017,284,1,14.7
67028,287,1,149.8
67043,287,2,33.34
67058,95,4,138.64
67078,286,2,11.46
67089,286,1,8.37
67091,286,1,154.91
67092,143,4,37.67
67094,10,147,7729.85
67095,162,13,506.92
67103,286,2,23.74
67141,281,2,17.91
67144,286,1,7.79
67159,286,2,17.18
67173,213,10,521.98
67174,135,2,23.7
67198,284,1,127.21
67210,285,1,13052.0
67215,285,1,1220.0
67222,165,16,1375.56
67230,285,3,10338.0
67231,285,2,3094.0
67240,285,1,4040.0
67247,285,2,2738.0
67250,285,3,5448.0
67258,285,5,5818.0
67267,285,1,19999.0
67270,285,1,849.0
67276,223,24,28194.53
67278,285,15,15578.0
67288,285,1,1498.0
67289,285,1,450.0
67292,284,4,28619.8
67294,285,1,1649.0
67295,284,3,11082.46
67302,284,4,9433.54
67315,285,2,2496.0
67318,199,12,8423.53
67326,285,4,6984.0
67331,167,13,15365.6
67332,285,4,13384.0
67338,285,9,9554.0
67341,280,11,1448.24
67367,235,1,152.49
67372,284,5,278.25
67374,280,5,925.9100000000001
67378,271,7,632.09
67379,284,4,534.24
67383,105,7,664.07
67390,239,10,1728.8200000000002
67391,277,3,274.81
67392,284,4,509.68
67393,284,4,561.72
67395,284,5,428.21999999999997
67396,284,4,391.56
67399,284,4,391.56
67400,284,4,534.24
67401,278,4,1198.44
67402,284,2,167.0
67415,16,62,6977.93
67425,284,4,561.72
67428,284,4,474.61
67432,225,5,625.6800000000001
67438,113,16,1848.1000000000001
67440,284,4,534.24
67441,210,10,583.03
67442,284,4,534.24
67451,278,5,1621.13
67452,276,5,623.62
67458,284,4,509.68
67463,135,1,65.83
67468,284,5,75.4
67473,284,9,358.21000000000004
67474,277,4,221.68
67477,284,1,53.32
67478,47,8,1798.27
67479,278,1,8.58
67492,284,1,135.85
67494,279,4,43.22
67499,157,3,120.34
67501,284,4,248.37
67509,284,1,41.21
67512,284,4,509.68
67514,284,4,300.39
67523,278,7,1281.85
67527,284,4,509.68
67530,283,3,399.73
67533,284,4,406.47
67537,284,1,201.96
67547,88,1,85.15
67549,284,4,509.68
67551,4,11,819.74
67553,284,4,561.72
67562,0,88,12513.62
67566,280,7,1421.97
67567,277,8,1130.16
67568,281,6,856.49
67577,284,1,127.42
67580,283,4,607.98
67591,256,6,383.38
67599,284,3,421.29
67600,284,2,254.84
67604,284,2,76.54
67607,284,2,97.38
67615,284,2,254.84
67625,284,2,22.68
67626,14,9,1874.58
67628,284,1,42.42
67630,284,2,251.14
67631,284,2,254.84
67641,284,2,254.84
67644,276,4,506.86
67658,284,4,413.15
67673,215,4,86.65
67674,277,7,1354.43
67676,284,3,421.29
67678,284,2,193.63
67683,281,5,354.59
67685,284,2,12.81
67687,275,3,469.23
67693,284,5,585.62
67696,284,1,10.62
67701,284,1,127.42
67703,281,4,316.32
67705,284,4,561.72
67707,283,4,538.8199999999999
67716,281,4,316.32
67718,283,4,291.27
67724,284,3,421.29
67730,284,4,879.8
67731,281,4,316.32
67734,284,2,93.22
67736,284,4,561.72
67737,284,1,110.4
67740,284,2,247.44
67741,284,4,561.72
67742,284,8,89.76
67744,284,1,123.72
67754,284,1,110.4
67755,284,2,256.49
67761,284,1,257.6
67770,284,1,163.55
67772,284,4,557.14
67781,284,1,193.79
67785,108,8,903.2
67787,284,1,105.19
67794,239,8,1174.96
67795,280,6,158.29000000000002
67798,284,3,671.11
67801,274,5,480.43
67803,102,8,1580.83
67807,76,2,79.3
67816,14,10,1143.92
67820,14,9,878.02
67822,14,15,1979.43
67825,103,6,726.93
67830,14,10,1142.36
67831,14,17,2084.48
67844,16,14,1322.1
67846,16,25,2807.89
67857,277,6,1453.99
67859,284,4,35.8
67875,190,6,1234.06
67879,284,3,64.82
67886,284,2,286.38
67889,284,1,33.85
67903,284,3,37.650000000000006
67909,284,2,18.78
67915,190,10,429.81
67921,235,5,111.38
67922,284,4,419.15999999999997
67929,284,2,254.84
67930,283,6,193.26999999999998
67938,284,1,110.4
67945,284,1,38.72
67952,283,4,732.5899999999999
67965,113,21,2462.83
67976,279,1,180.12
67980,284,3,21.56
67987,284,2,677.12
68002,284,1,9.2
68013,284,4,441.6
68022,116,10,1826.97
68023,280,17,1269.94
68026,277,9,2874.6
68032,284,1,220.39
68039,130,1,2.73
68050,283,5,245.05
68055,190,11,1327.9
68066,284,1,110.4
68071,284,1,110.4
68099,284,1,76.41
68100,166,3,310.97
68110,284,1,75.07
68111,280,8,745.95
68112,277,16,237.24
68116,280,2,47.9
68118,284,5,137.71
68128,284,1,441.18
68132,190,17,1683.0
68138,284,1,110.4
68142,280,5,167.69
68143,284,1,11.44
68145,284,7,444.11
68152,218,7,64.69
68155,284,1,233.06
68167,284,1,5.8
68170,284,5,448.59999999999997
68175,284,5,490.53999999999996
68178,284,5,415.38
68179,284,3,69.28999999999999
68184,284,1,95.87
68189,284,3,203.23
68194,284,1,4.17
68199,284,2,143.93
68204,283,4,36.19
68205,284,5,85.3
68211,284,8,1299.51
68222,284,2,218.23000000000002
68229,281,3,35.08
68232,284,4,441.6
68239,95,26,1134.3799999999999
68243,284,4,34.64
68262,284,1,5.27
68265,284,1,9.32
68268,190,11,1093.48
68271,284,3,273.89
68278,284,1,6.13
68289,190,9,1047.1499999999999
68293,279,29,577.51
68297,284,1,36.54
68299,284,1,163.55
68301,229,6,205.42
68316,279,1,243.18
68320,134,7,229.82
68323,284,2,38.38
68324,190,9,1049.01
68329,284,5,227.38
68333,284,3,111.13000000000001
68338,284,1,36.54
68347,284,1,86.49
68353,276,7,230.21
68359,284,1,99.35
68361,284,2,29.4
68368,284,2,24.509999999999998
68370,284,2,21.24
68373,284,1,8.82
68378,284,5,1062.8899999999999
68383,277,14,177.46
68384,284,4,172.57999999999998
68392,165,1,7.65
68400,284,5,317.86
68413,284,2,19.6
68415,279,3,240.81
68416,284,4,133.2
68418,284,4,246.84
68433,284,1,193.79
68434,284,2,220.8
68435,259,1,5.81
68448,284,2,16.56
68454,284,4,292.68
68462,284,1,8.2
68466,268,2,17.34
68483,284,4,292.68
68488,277,8,1539.07
68495,284,1,110.4
68498,284,3,503.15999999999997
68500,277,4,494.03999999999996
68507,278,12,284.16
68516,284,4,345.96
68518,284,1,9.81
68526,284,1,4.9
68536,284,1,3.9
68539,284,1,6.13
68547,284,1,7.11
68548,284,2,198.7
68557,15,2,51.74
68559,284,4,359.7
68562,284,8,208.48000000000002
68575,284,2,198.7
68590,284,1,8.99
68600,284,2,198.7
68602,284,9,514.26
68614,284,1,9.4
68619,185,3,287.82
68635,284,1,99.35
68639,284,3,44.730000000000004
68643,284,35,607.63
68644,284,5,410.05
68654,283,5,158.49
68658,284,7,722.0899999999999
68666,284,1,12.04
68685,284,4,345.96
68694,284,1,82.58
68710,283,1,86.49
68718,284,1,149.53
68719,284,1,228.15
68731,201,52,1025.23
68733,284,1,80.7
68734,284,1,69.72
68735,282,4,50.92
68737,284,3,272.19
68745,283,3,160.15
68766,167,14,1784.54
68770,277,6,1355.49
68773,284,4,391.56
68778,284,4,391.56
68779,277,9,355.66
68783,266,2,361.51
68784,284,2,22.86
68785,284,6,670.3199999999999
68786,276,9,351.59000000000003
68796,277,8,91.99
68804,284,1,94.19
68807,276,7,1208.52
68813,283,4,345.96
68822,284,4,391.56
68824,166,3,851.59
68825,281,2,18.6
68829,228,16,233.13
68830,284,4,32.96
68833,284,4,391.56
68835,284,4,391.56
68836,15,3,308.54
68837,284,7,451.60999999999996
68839,284,3,51.449999999999996
68847,282,4,345.96
68850,284,1,3.67
68854,284,4,391.56
68865,284,4,368.76
68866,282,4,345.96
68870,284,4,391.56
68872,284,1,33.71
68881,284,3,150.14999999999998
68885,282,4,345.96
68887,281,8,391.56
68895,284,1,8.18
68897,282,5,541.88
68909,284,4,391.56
68912,277,5,1827.9199999999998
68914,284,3,481.93
68927,284,5,506.05
68932,283,2,56.96000000000001
68933,284,1,86.49
68951,284,1,86.49
68960,11,29,2814.88
68965,284,2,20.36
68966,284,3,259.46999999999997
68977,284,4,391.56
68987,239,29,1774.59
68998,284,2,217.07
68999,284,4,332.64
69000,284,4,324.52
69001,284,4,335.24
69003,284,4,391.56
69009,280,4,74.25
69024,284,4,391.56
69031,284,1,3.76
69038,284,4,292.68
69045,284,4,391.56
69051,284,4,324.52
69054,276,3,92.16
69060,284,3,243.39
69061,284,4,324.52
69066,284,4,391.56
69070,284,4,391.56
69072,284,2,85.86
69077,284,6,85.74
69084,284,4,324.52
69085,283,4,108.62
69089,284,4,324.52
69099,284,4,324.52
69101,284,4,391.56
69102,284,4,391.56
69105,284,1,235.94
69114,284,4,324.52
69116,284,1,6.94
69119,284,4,127.72
69121,284,4,324.52
69124,284,1,2.58
69125,284,4,391.56
69130,261,2,22.56
69131,284,1,96.74
69136,284,3,185.13
69137,284,4,324.52
69142,284,4,324.52
69147,284,4,324.52
69151,11,30,2405.75
69154,284,7,833.21
69160,284,4,324.52
69163,284,4,310.48
69169,284,3,393.39
69172,284,4,324.52
69179,284,1,12.26
69182,284,1,94.19
69188,284,1,48.69
69190,284,1,94.19
69201,284,6,601.4000000000001
69203,284,1,94.19
69208,166,11,701.5
69213,284,3,243.39
69215,280,2,179.89000000000001
69216,16,16,900.82
69223,276,1,2.67
69225,165,10,663.8100000000001
69232,239,8,779.0
69234,277,7,647.39
69235,284,1,234.61
69239,283,9,661.31
69262,233,3,25.380000000000003
69265,284,1,6.13
69274,284,2,50.31
69284,284,4,391.56
69287,99,1,24.47
69293,283,5,496.48
69296,284,1,13.07
69298,217,5,99.03
69316,284,5,897.3199999999999
69337,143,4,19.77
69351,116,2,250.34
69352,284,4,228.6
69364,284,3,287.37
69367,284,1,14.71
69375,284,1,612.53
69379,284,1,27.49
69384,284,5,323.72
69405,209,2,158.13
69419,264,1,5.28
69429,260,4,81.28
69430,284,1,12.04
69457,284,2,44.76
69485,283,3,95.33
69491,284,2,16.74
69498,276,4,240.14000000000001
69501,283,2,72.86000000000001
69517,284,1,34.59
69584,255,6,102.35
69597,283,3,122.97
69615,284,2,26.02
69621,284,1,7.11
69625,283,4,142.20000000000002
69667,277,9,1480.44
69670,284,1,295.58
69698,228,5,193.26000000000002
69700,284,3,14.549999999999999
69725,284,1,99.35
69734,284,4,366.36
69748,284,1,53.24
69759,283,7,327.12
69786,284,1,216.72
69803,284,2,478.35
69811,110,3,143.83
69822,283,4,366.36
69827,284,1,15.52
69829,136,1,317.26
69830,284,4,147.2
69835,284,2,59.06
69852,284,4,147.2
69858,284,1,230.97
69868,283,4,147.2
69873,283,1,3.26
69874,283,1,392.54
69879,116,6,973.14
69881,110,1,8.08
69883,283,4,147.2
69889,283,1,62.92
69893,283,2,408.2
69895,283,3,148.88
69898,283,4,144.99
69907,283,1,4.15
69911,277,6,804.44
69924,283,4,366.36
69930,283,1,48.69
69935,283,4,138.36
69942,283,4,138.36
69949,283,4,138.36
69954,283,4,138.36
69962,283,4,138.36
69972,283,4,138.36
69976,283,2,439.9
69979,283,4,138.36
69982,283,4,391.56
69983,239,8,1135.51
69990,283,2,195.78
69991,283,4,391.56
70007,283,4,283.02
70011,283,1,134.32
70017,283,4,246.84
70023,283,4,355.38
70029,283,4,391.56
70038,283,7,1232.4
70043,283,4,366.36
70055,275,4,903.76
70067,283,1,505.51
70068,239,8,1288.92
70070,283,4,534.24
70091,278,6,611.77
70110,283,2,1011.02
70113,283,2,108.68
70118,283,1,11.02
70121,263,11,1393.06
70126,283,1,114.49
70130,136,1,70.25
70133,283,4,532.88
70143,283,2,266.44
70144,283,1,4.9
70145,273,6,311.94
70146,279,4,37.64
70147,283,1,703.3
70152,283,2,17.96
70163,283,1,16.34
70169,283,7,1148.3
70172,281,5,219.3
70176,262,2,33.92
70177,267,2,7.72
70179,279,5,726.0899999999999
70188,283,2,38.24
70189,283,1,32.38
70204,283,3,306.90999999999997
70217,281,3,247.92000000000002
70222,275,7,1188.83
70235,283,12,876.92
70237,276,7,943.7
70239,283,3,159.96
70245,175,9,467.63
70250,283,3,439.04
70255,283,1,140.43
70256,281,2,195.43
70260,235,11,1103.1399999999999
70263,283,1,143.41
70267,283,5,686.63
70268,276,8,1080.6399999999999
70269,277,3,137.99
70270,278,6,291.68
70273,283,2,13.78
70284,276,8,1080.6399999999999
70285,283,5,431.88
70287,283,4,532.88
70291,283,3,204.1
70293,279,2,36.65
70297,282,5,707.0699999999999
70302,283,1,76.41
70303,283,4,532.88
70309,95,28,2153.4700000000003
70311,276,8,1080.6399999999999
70313,277,9,428.59
70319,276,6,721.1
70321,283,1,9.55
70323,283,4,394.14
70325,283,4,532.88
70329,283,4,532.88
70336,283,1,53.24
70339,283,3,399.65999999999997
70342,281,2,179.26
70345,59,12,334.65
70346,283,4,532.88
70348,116,7,574.96
70349,283,4,375.32
70360,283,1,53.32
70363,135,4,59.68
70366,283,4,1681.11
70375,280,4,335.41999999999996
70377,283,4,448.35
70380,283,3,125.29
70382,283,1,53.24
70396,283,3,399.65999999999997
70397,283,4,441.6
70404,278,5,63.519999999999996
70405,276,12,646.4000000000001
70409,283,1,149.53
70410,283,5,656.69
70419,283,3,399.65999999999997
70420,257,1,8.14
70424,276,2,137.2
70428,283,1,279.94
70429,283,2,127.08
70434,170,5,61.230000000000004
70435,283,4,532.88
70437,283,1,336.16
70451,283,1,233.06
70452,283,3,387.43
70457,283,4,391.56
70467,283,1,76.41
70474,246,2,642.3800000000001
70479,283,4,391.56
70499,264,6,99.6
70501,125,1,6.71
70504,283,7,71.05
70507,283,1,133.22
70508,283,1,7.23
70514,283,2,365.75
70520,283,1,135.85
70522,263,2,22.26
70524,277,5,316.25
70527,283,1,75.07
70539,283,4,391.56
70548,183,15,3033.44
70549,283,4,391.56
70551,283,2,16.72
70564,283,4,32.96
70568,283,1,135.85
70572,283,2,226.44
70579,283,4,391.56
70587,283,1,17.93
70592,283,2,16.68
70617,283,1,135.85
70619,283,1,48.69
70624,283,3,47.43
70631,174,22,1155.45
70637,106,6,1703.1599999999999
70642,283,15,152.44
70649,283,8,973.72
70656,283,1,9.37
70663,283,1,701.61
70673,283,4,369.87
70683,267,1,40.39
70685,283,4,38.78
70688,283,1,53.24
70690,283,4,1164.04
70698,283,1,7.3
70702,283,2,172.98
70708,277,4,125.29
70715,276,3,524.3100000000001
70731,283,1,48.69
70746,283,6,133.26
70750,283,1,230.65
70758,277,5,1217.5900000000001
70761,283,1,6.35
70771,239,8,940.48
70779,283,1,110.4
70781,283,5,203.73
70782,279,5,551.23
70784,283,2,40.86
70787,283,2,219.21
70791,283,8,907.88
70793,283,1,76.41
70795,283,5,506.05
70798,104,20,2323.81
70811,283,4,391.56
70828,283,2,195.78
70853,282,3,299.40999999999997
70854,278,8,154.4
70868,283,3,544.05
70869,11,15,2030.27
70874,283,2,22.86
70886,182,3,296.07
70888,280,8,1065.24
70892,192,6,1646.6499999999999
70893,283,1,76.41
70903,14,8,922.38
70913,282,5,490.67999999999995
70922,280,3,296.22
70932,283,1,49.19
70943,269,2,19.46
70945,190,5,577.74
70952,283,1,5.72
70972,271,3,156.95
70976,283,1,201.38
70979,283,1,190.06
70987,135,1,175.64
70996,283,2,72.26
70998,283,1,204.1
71002,282,7,1505.25
71014,283,3,362.99
71030,283,4,997.08
71031,276,1,554.6
71033,283,3,29.43
71035,283,2,195.78
71039,283,1,134.32
71042,283,1,249.27
71049,283,4,345.96
71067,283,4,345.96
71072,116,3,662.29
71079,283,4,345.96
71088,283,4,345.96
71100,278,5,306.53
71124,283,1,1476.82
71132,282,4,472.28
71137,264,40,1080.69
71157,275,4,50.15
71161,266,6,525.68
71174,276,3,430.91
71175,95,7,305.11
71182,283,4,391.56
71189,283,4,391.56
71195,283,4,391.56
71206,280,2,287.69
71210,281,9,393.57
71211,283,4,391.56
71213,267,7,223.69000000000003
71229,283,4,391.56
71258,248,1,13.09
71287,109,7,593.78
71288,279,1,4.86
71296,279,7,360.35
71297,278,2,214.3
71308,281,2,121.49000000000001
71315,282,4,153.08
71318,282,4,153.08
71321,282,4,153.08
71326,282,3,114.81
71353,282,4,427.99
71360,282,4,391.56
71365,282,2,440.78999999999996
71366,282,4,380.15999999999997
71368,282,1,38.27
71370,282,1,505.51
71381,277,2,924.0
71399,282,4,56.64
71400,281,1,76.52
71415,276,2,314.68
71468,282,2,266.11
71469,275,4,618.2
71471,135,8,919.46
71475,282,2,277.8
71483,281,2,114.3
71501,249,2,121.05
71531,282,2,142.62
71546,258,3,24.61
71555,282,2,195.78
71558,239,8,963.57
71567,282,4,345.96
71578,282,4,345.96
71585,282,4,305.64
71591,282,4,439.34000000000003
71611,265,6,130.41
71618,282,1,127.48
71625,282,1,32.3
71629,282,1,241.78
71634,239,8,1032.8400000000001
71648,282,1,36.18
71663,275,13,342.78
71664,282,3,203.77
71679,282,4,422.84000000000003
71691,282,4,305.64
71694,282,1,97.89
71696,281,4,420.61
71701,106,20,1773.94
71706,276,3,412.13
71737,282,1,5.31
71748,282,1,133.22
71750,282,4,52.2
71765,282,1,110.4
71767,282,9,605.6899999999999
71774,282,1,38.27
71787,282,3,90.05
71789,280,11,403.6
71797,282,4,360.81
71799,282,2,22.86
71801,282,1,110.4
71808,282,1,110.4
71812,282,1,110.4
71822,282,2,215.57
71823,282,1,97.89
71829,281,3,118.0
71845,282,5,977.6899999999999
71846,282,1,220.39
71851,277,10,1465.69
71860,276,2,333.3
71864,281,3,47.67
71867,282,4,775.16
71878,282,1,14.2
71880,282,4,775.16
71882,282,4,391.56
71891,282,4,391.56
71892,282,6,591.88
71897,282,4,319.2
71900,282,2,686.02
71905,282,4,246.84
71906,282,3,56.22
71908,282,4,246.84
71910,282,4,775.16
71917,282,4,319.2
71924,281,3,91.4
71927,282,1,73.17
71928,282,4,775.16
71930,270,1,9.33
71942,282,1,193.79
71944,281,4,390.86
71947,282,4,923.88
71965,282,1,230.97
71970,282,4,866.88
71983,282,4,866.88
71987,282,1,40.6
71988,280,8,1409.72
71996,102,10,1641.1
72004,280,8,1409.72
72012,280,8,1409.72
72018,280,8,1409.72
72019,282,4,683.52
72023,280,2,352.43
72025,275,2,333.3
72042,275,2,333.3
72056,282,3,834.85
72058,275,2,333.3
72063,282,1,24.52
72065,282,11,2263.5
72097,282,1,118.5
72114,277,6,1717.62
72116,282,2,387.58
72118,282,4,568.37
72123,282,2,387.58
72126,116,5,430.55
72133,282,2,387.58
72134,282,4,553.0
72141,282,4,292.68
72147,282,2,387.58
72150,282,2,146.34
72155,282,3,29.22
72158,281,4,311.96
72163,275,7,896.9300000000001
72164,282,4,553.0
72165,263,6,3087.98
72181,282,4,553.0
72192,280,10,1482.89
72203,282,3,274.77
72238,278,16,840.28
72261,281,2,18.75
72279,281,1,16.75
72281,277,9,173.91
72308,191,1,522.19
72331,280,8,1406.6399999999999
72348,280,8,1406.6399999999999
72359,281,1,103.54
72361,281,4,327.4
72370,281,4,146.68
72377,281,4,146.68
72384,281,4,146.68
72388,281,4,146.68
72391,281,2,73.34
72426,194,2,9.36
72474,281,1,3.66
72483,281,1,16.75
72484,271,2,208.73
72488,281,4,150.87
72493,281,1,4.88
72509,281,9,116.75
72522,279,4,501.59999999999997
72534,281,1,38.58
72540,281,5,107.39000000000001
72548,281,2,16.84
72549,277,10,772.62
72561,281,1,7.49
72563,281,3,28.93
72564,281,1,5.28
72572,280,3,24.45
72574,116,8,802.29
72575,281,2,7.62
72581,281,1,181.08
72595,116,8,761.23
72606,116,6,594.54
72612,281,3,292.62
72625,281,4,146.68
72632,281,6,660.3900000000001
72633,281,4,146.68
72637,281,4,146.68
72643,278,6,693.1600000000001
72644,281,1,38.13
72645,281,4,146.68
72650,281,4,146.68
72653,281,4,146.68
72654,281,4,215.04000000000002
72658,281,3,111.47
72663,272,4,65.21
72665,281,2,615.93
72679,281,2,292.84000000000003
72682,281,1,89.56
72684,281,4,137.76
72697,281,4,137.76
72702,281,1,70.36
72703,281,1,37.69
72712,281,1,203.37
72716,281,1,42.27
72729,281,2,21.24
72746,281,1,60.64
72752,280,1,11.43
72754,281,2,182.54
72767,281,1,8.55
72796,281,4,390.16
72804,281,4,137.76
72807,281,1,524.09
72809,281,3,220.52
72811,281,3,600.63
72814,281,1,91.11
72816,190,8,620.03
72818,190,8,515.28
72820,111,4,90.43
72832,281,1,8.43
72847,280,2,182.67000000000002
72864,281,2,22.78
72868,281,1,38.13
72869,18,46,3146.88
72876,281,1,200.46
72878,256,1,7.22
72896,281,1,57.8
72919,281,3,240.78
72920,277,4,373.88
72928,281,2,221.02999999999997
72933,209,12,1475.44
72935,227,6,1070.1100000000001
72937,281,1,225.97
72938,281,1,75.74
72947,270,9,446.09000000000003
72950,281,1,334.96
72965,281,2,16.1
72966,281,13,443.73
72991,281,4,390.16
72992,281,1,34.44
72997,281,2,903.81
72999,112,12,680.88
73001,281,2,127.6
73003,281,1,199.28
73009,281,1,98.44
73010,281,4,390.16
73013,267,7,391.02000000000004
73014,281,1,3.82
73016,281,3,441.96000000000004
73017,281,1,141.48
73019,238,1,122.81
73026,281,5,158.55
73029,281,1,49.42
73039,281,4,390.16
73042,281,2,416.20000000000005
73051,281,1,72.91
73053,281,1,189.38
73060,275,9,90.72
73077,281,3,106.35000000000001
73087,281,4,197.17
73099,281,1,38.58
73110,281,4,375.4
73123,281,2,14.46
73126,281,4,817.12
73131,280,2,276.52
73136,278,3,19.07
73139,281,1,699.12
73140,281,4,452.01
73144,281,2,400.92
73151,281,6,416.02
73157,281,4,365.08
73159,276,11,501.4
73168,281,4,39.42
73169,281,1,12.0
73172,281,3,238.85000000000002
73175,281,4,375.4
73177,281,1,120.25
73188,281,4,375.4
73194,190,11,1251.1
73202,281,5,277.11
73214,281,8,242.42000000000002
73217,281,5,42.910000000000004
73218,280,3,493.02
73231,274,2,155.72
73232,281,2,169.88
73233,276,3,354.06
73236,281,4,485.7
73251,281,3,178.53
73262,281,4,50.16
73281,281,2,122.13
73283,281,1,121.41
73285,281,3,28.68
73288,279,4,33.36
73293,281,4,797.12
73295,281,1,5.29
73297,281,1,50.65
73300,254,2,16.23
73303,277,8,1175.58
73324,281,3,276.76
73325,281,4,595.64
73338,281,4,50.16
73342,281,4,390.16
73346,281,4,50.16
73352,281,4,50.16
73358,281,4,50.16
73371,281,4,390.16
73372,281,1,9.36
73375,281,4,50.16
73384,281,4,50.16
73388,281,4,50.16
73389,190,7,712.12
73390,280,6,763.03
73392,281,3,292.62
73393,281,4,50.16
73397,280,6,104.24000000000001
73407,281,1,345.48
73430,280,2,349.23
73445,267,1,3.22
73454,280,4,426.32
73462,280,2,27.72
73473,179,41,4894.31
73475,112,8,502.87
73479,280,4,213.08
73487,112,16,1799.97
73492,280,2,213.16
73499,280,4,213.08
73502,275,8,589.52
73506,11,35,4552.01
73509,280,4,213.08
73513,280,4,213.08
73514,102,7,1013.69
73515,280,4,213.08
73516,280,4,213.08
73519,280,3,315.24
73522,190,8,736.1600000000001
73524,116,12,1175.01
73528,280,3,315.24
73529,116,8,908.75
73531,275,9,700.76
73532,275,9,700.76
73537,280,4,213.08
73538,280,4,213.08
73539,280,4,213.08
73541,280,4,213.08
73542,280,4,213.08
73543,280,4,213.08
73548,239,8,940.2800000000001
73551,280,4,213.08
73554,280,4,213.08
73560,141,1,8.11
73570,280,1,13.88
73580,280,4,219.59
73585,280,1,97.78
73599,280,3,92.13
73610,108,3,186.10999999999999
73611,280,2,18.74
73618,280,2,24.48
73623,280,5,61.769999999999996
73624,280,1,17.96
73632,256,18,384.81
73633,280,4,922.13
73634,280,1,97.78
73638,280,2,17.26
73648,280,1,6.94
73650,271,1,10.64
73651,280,1,81.39
73657,275,13,628.42
73659,280,2,29.4
73661,278,8,702.2199999999999
73662,280,1,11.42
73664,280,3,273.64
73668,280,1,58.67
73677,276,5,489.53
73683,276,4,512.8
73685,280,1,402.0
73690,280,4,201.56
73695,280,2,206.86
73698,109,5,572.04
73702,280,4,391.12
73703,280,1,6.94
73710,280,4,391.12
73713,280,3,407.13
73714,280,4,391.12
73715,277,2,337.21999999999997
73716,280,1,135.71
73717,280,2,195.56
73719,280,4,542.84
73722,183,9,976.8
73724,280,4,542.84
73729,280,4,391.12
73733,280,16,150.12
73734,280,4,542.84
73735,280,1,135.71
73739,280,4,542.84
73740,280,6,730.73
73741,183,10,1148.98
73742,280,6,133.89
73743,280,4,774.28
73745,280,4,542.84
73747,280,2,43.24
73749,182,10,1362.1
73751,277,11,463.0
73752,193,8,1429.39
73757,280,4,542.84
73758,280,4,1385.28
73762,280,1,135.71
73764,280,4,774.28
73766,280,1,42.38
73769,182,12,1393.56
73772,280,3,972.25
73773,280,1,135.71
73778,280,4,774.28
73780,113,15,1521.94
73786,280,1,149.44
73788,280,1,36.76
73794,280,4,1385.28
73795,280,4,774.28
73802,279,6,84.0
73804,280,4,774.28
73807,280,2,44.04
73810,280,4,774.28
73819,280,1,5.3
73820,280,4,1385.28
73824,182,6,641.8
73827,280,4,774.28
73832,280,1,97.78
73835,280,6,422.88
73838,279,4,894.55
73840,280,2,75.08
73842,280,4,1385.28
73853,280,4,774.28
73856,280,4,1385.28
73861,280,4,774.28
73862,277,7,1062.48
73877,280,2,298.88
73893,280,4,774.28
73898,280,1,149.44
73900,280,3,228.20999999999998
73903,280,4,774.28
73916,280,4,774.28
73929,280,4,774.28
73931,190,8,1133.96
73938,280,1,7.47
73939,167,7,1170.6399999999999
73943,280,2,387.14
73946,280,4,376.32
73948,167,8,1302.76
73962,167,8,1302.76
73969,280,4,376.32
73975,167,7,1109.19
73993,280,4,376.32
73998,277,1,8.52
74004,280,1,6.09
74005,275,11,1094.55
74009,280,1,10.88
74032,280,1,68.28
74043,193,11,3275.85
74044,11,12,1232.94
74050,280,4,414.70000000000005
74051,280,1,38.55
74054,280,1,12.03
74056,280,4,420.32
74063,280,4,43.260000000000005
74072,280,5,486.01
74079,277,2,341.8
74081,278,6,82.66
74097,280,1,97.78
74110,280,1,528.26
74119,182,4,557.5
74120,280,4,2113.04
74124,158,1,63.58
74126,280,2,18.3
74128,280,4,96.16
74134,280,3,1584.78
74138,182,9,1398.69
74149,280,4,365.96
74163,183,5,1447.18
74167,279,8,966.94
74173,280,4,2019.8
74178,280,1,14.7
74181,279,4,395.14
74185,280,5,896.0699999999999
74189,280,1,203.26
74197,280,4,391.12
74204,280,4,391.12
74207,280,5,505.49
74212,167,1,90.05
74219,280,4,391.12
74226,280,4,391.12
74228,182,10,965.9499999999999
74229,280,4,391.12
74236,278,4,1578.73
74237,183,10,1154.5
74238,280,4,391.12
74243,280,4,391.12
74245,182,12,1298.2
74250,221,5,99.88
74251,280,1,138.1
74254,280,1,6.53
74258,280,4,391.12
74259,280,1,220.15
74266,280,4,391.12
74270,280,4,268.9
74274,279,7,384.68
74275,280,5,505.49
74276,280,2,17.14
74282,280,4,391.12
74284,257,1,8.65
74288,280,4,391.12
74301,280,4,391.12
74302,280,4,391.12
74308,16,6,181.41
74309,278,4,242.57
74310,271,1,12.16
74312,280,4,391.12
74316,280,4,391.12
74318,267,2,16.25
74319,280,4,391.12
74322,280,4,391.12
74325,280,4,576.04
74327,280,4,391.12
74328,280,4,391.12
74330,280,4,391.12
74334,280,4,391.12
74338,280,4,391.12
74340,280,4,576.04
74342,280,4,391.12
74344,280,4,391.12
74349,190,10,716.89
74350,280,4,391.12
74353,280,4,391.12
74355,280,4,391.12
74358,280,2,619.75
74359,280,4,576.04
74361,280,3,27.81
74364,280,4,391.12
74366,280,5,53.79
74368,280,4,391.12
74374,280,4,391.12
74375,280,4,391.12
74381,280,4,576.04
74382,280,4,391.12
74384,280,4,391.12
74385,280,4,391.12
74390,280,4,576.04
74394,280,4,391.12
74397,112,77,5941.35
74399,280,4,391.12
74405,280,4,391.12
74406,280,4,391.12
74410,280,4,576.04
74411,280,4,391.12
74412,280,4,391.12
74417,280,4,391.12
74418,280,4,391.12
74427,280,4,576.04
74428,280,4,391.12
74431,280,4,391.12
74435,280,4,391.12
74438,280,4,391.12
74440,280,4,576.04
74442,280,4,391.12
74445,280,4,391.12
74451,280,4,391.12
74452,280,4,391.12
74461,280,4,391.12
74462,280,4,391.12
74471,280,4,391.12
74472,280,4,391.12
74473,280,4,576.04
74480,280,4,391.12
74484,280,5,505.49
74488,280,4,576.04
74491,280,4,391.12
74495,280,4,391.12
74498,280,4,391.12
74503,280,4,516.35
74508,280,4,391.12
74511,280,4,391.12
74514,280,3,383.53000000000003
74515,280,4,516.35
74522,280,4,391.12
74524,280,4,391.12
74526,280,7,70.89
74527,280,2,104.5
74531,280,4,391.12
74534,280,3,438.06000000000006
74538,280,4,391.12
74544,279,2,194.81
74547,280,1,97.78
74550,109,30,1772.06
74560,279,1,227.98
74570,279,1,3.65
74578,209,5,387.15
74586,279,2,166.62
74596,279,2,18.58
74616,279,2,18.22
74631,279,6,892.53
74638,14,3,85.21
74644,277,8,1239.4
74648,240,1,11.97
74652,279,1,139.89
74673,105,9,1124.68
74676,106,7,820.26
74678,105,12,1085.95
74688,276,7,659.09
74697,279,2,16.76
74718,279,2,20.24
74729,279,1,86.96
74730,279,2,114.57
74735,277,2,438.01
74742,262,3,161.41
74743,279,2,22.66
74763,279,4,290.08
74772,279,4,290.08
74775,279,4,290.73
74777,279,2,436.69000000000005
74783,176,2,14.55
74786,279,8,360.65999999999997
74802,271,1,171.4
74807,279,1,101.48
74817,91,6,165.16
74818,190,9,577.72
74820,279,4,388.12
74823,279,2,17.25
74826,279,4,388.12
74829,279,1,97.03
74834,161,1,6.81
74835,279,2,301.61
74847,279,1,109.42
74850,279,1,88.97
74855,279,2,79.97999999999999
74864,279,1,214.81
74871,279,3,67.4
74884,279,1,88.99
74894,279,2,91.59
74895,279,4,279.96
74907,279,4,388.12
74913,279,4,279.96
74917,279,4,363.16
74919,279,1,146.71
74920,279,4,354.9
74938,279,3,32.76
74948,279,4,512.8
74949,279,4,290.08
74959,279,4,290.08
74960,243,7,109.41
74961,279,3,1429.48
74963,279,4,388.12
74965,279,2,18.94
74973,279,4,388.12
74989,279,3,250.93
74996,279,11,204.34
75007,279,4,388.12
75015,279,1,56.85
75017,279,4,362.52
75025,279,1,97.03
75032,279,1,285.23
75033,279,5,397.85
75037,277,2,140.11
75041,278,6,184.39999999999998
75064,279,4,373.44
75071,279,5,270.21
75075,278,8,600.17
75076,277,4,290.06
75083,279,2,352.32
75093,235,1,10.6
75102,279,1,214.81
75117,279,5,324.02
75118,104,17,1537.54
75124,279,4,388.12
75133,279,2,186.72
75134,279,1,81.47
75137,279,4,388.12
75138,279,1,217.16
75139,279,1,9.3
75145,260,1,222.75
75146,279,1,97.03
75151,279,1,6.32
75156,279,4,279.96
75165,278,6,608.04
75168,279,4,321.68
75176,142,1,6.72
75177,279,4,215.83999999999997
75189,262,12,403.21
75190,279,1,93.36
75191,279,4,321.68
75208,279,3,65.34
75220,271,10,88.08
75221,279,2,84.2
75222,279,1,9.31
75230,277,11,802.27
75237,279,2,110.85
75242,279,4,859.24
75243,279,2,149.89
75254,278,16,299.69
75257,279,5,1098.37
75261,279,1,4.86
75263,279,4,720.48
75268,279,4,859.24
75276,279,4,859.24
75282,279,1,299.88
75284,279,5,373.71
75286,279,4,859.24
75302,279,4,859.24
75308,279,5,259.05
75312,279,4,32.92
75318,279,4,859.24
75342,279,2,429.62
75354,279,1,5.95
75356,274,8,1187.8600000000001
75365,279,2,429.62
75371,165,21,6050.3099999999995
75373,279,1,42.05
75406,135,2,292.94
75408,279,1,105.75
75435,135,4,568.07
75443,279,1,123.28
75447,279,1,89.08
75453,193,8,2700.7200000000003
75454,278,1,13.38
75459,277,2,31.96
75464,279,10,842.8
75469,279,4,279.96
75472,276,2,32.88
75476,279,1,83.08
75484,278,4,282.56
75502,278,4,282.56
75508,278,2,22.18
75511,278,4,883.5600000000001
75517,278,4,282.56
75531,278,2,478.58000000000004
75533,193,8,1406.16
75546,193,6,2275.08
75547,276,3,311.6
75551,190,6,538.72
75553,278,1,12.59
75563,235,2,169.08
75646,278,5,348.52
75663,277,6,154.64
75670,220,3,26.82
75671,278,1,126.62
75682,278,3,157.79
75686,278,1,98.66
75690,269,10,2061.79
75701,278,1,106.34
75702,278,2,62.12
75707,88,21,1215.1299999999999
75708,263,4,484.72
75721,209,6,576.47
75729,278,2,17.96
75734,278,1,8.99
75758,278,1,9.1
75762,278,1,251.03
75767,278,1,5.72
75773,278,4,346.08
75784,278,4,346.08
75789,278,17,609.68
75797,278,4,346.08
75810,278,4,109.48
75811,278,1,82.82
75821,278,1,79.79
75825,278,4,346.08
75827,278,1,168.17
75828,278,4,213.36
75829,278,4,346.08
75839,115,12,1021.5
75847,111,16,4382.18
75848,278,4,346.08
75850,115,16,1636.84
75852,115,10,1011.54
75859,190,12,1112.88
75860,278,4,346.08
75861,95,36,825.96
75862,278,2,137.97
75864,278,2,106.68
75872,115,8,1605.92
75877,278,4,213.36
75880,278,4,346.08
75881,115,7,860.94
75882,278,8,762.3
75886,278,4,346.08
75888,278,4,213.36
75890,278,4,213.36
75897,278,4,213.36
75898,278,4,346.08
75902,278,2,106.68
75905,278,4,213.36
75908,278,2,106.68
75910,278,1,350.06
75911,278,4,213.36
75914,115,4,431.7
75915,275,4,711.76
75917,278,3,160.02
75920,278,4,346.08
75924,278,4,213.36
75928,278,4,346.08
75929,278,4,213.36
75930,278,4,213.36
75935,111,17,3840.55
75936,278,4,346.08
75942,278,1,53.34
75947,278,1,54.81
75953,183,11,931.29
75955,277,4,350.66
75960,277,5,256.56
75962,274,8,424.4
75963,179,12,2632.12
75969,201,3,19.59
75970,274,8,485.65000000000003
75975,274,8,424.4
75976,278,4,366.52
75978,265,3,34.44
75980,278,4,346.08
75985,278,4,346.08
75989,278,4,213.36
76002,278,4,213.36
76007,190,8,1924.18
76008,278,6,54.81
76009,278,4,213.36
76015,277,6,581.38
76019,111,18,3498.99
76022,104,6,713.5
76024,278,4,867.2
76030,92,18,3392.61
76039,111,19,4823.91
76042,190,8,1905.3000000000002
76047,278,1,9.56
76063,278,2,529.65
76069,276,6,1070.06
76071,278,3,248.45999999999998
76082,276,11,583.66
76085,278,3,415.68
76090,278,1,355.01
76119,278,2,14.96
76120,278,1,9.4
76153,278,1,34.86
76156,167,8,1251.54
76159,278,5,155.29999999999998
76176,278,6,1229.38
76181,278,1,54.81
76185,278,1,204.17
76195,278,2,277.9
76199,190,3,887.96
76204,278,2,341.24
76213,278,3,473.71000000000004
76218,190,5,767.93
76222,278,1,94.25
76238,278,7,289.26
76239,278,2,23.94
76254,190,5,759.98
76259,278,4,282.79
76276,277,5,589.96
76307,278,1,138.42
76320,277,3,157.73000000000002
76328,276,3,38.4
76337,278,4,337.04
76342,278,1,22.94
76344,278,4,337.04
76349,278,1,116.3
76379,278,4,376.64
76400,278,4,319.56
76401,209,17,1321.91
76403,277,3,443.71
76405,278,4,353.36
76411,278,4,328.44
76415,278,3,265.02
76436,278,4,376.64
76441,278,6,819.96
76453,278,1,193.86
76468,278,4,1805.28
76489,15,12,1707.63
76491,278,2,176.68
76495,278,1,49.61
76503,278,4,537.48
76504,278,4,353.36
76516,278,4,353.36
76518,278,4,537.48
76519,278,2,14.7
76524,278,3,1383.62
76529,278,4,537.48
76534,278,4,353.36
76537,277,1,321.47
76538,278,4,878.9399999999999
76541,278,4,537.48
76549,278,4,353.36
76551,278,4,537.48
76557,277,4,316.82
76562,278,4,353.36
76565,278,1,94.16
76568,269,15,3332.38
76573,277,4,534.54
76576,277,5,571.7099999999999
76584,277,2,70.24
76585,277,4,1126.68
76588,183,1,382.72
76590,277,4,317.24
76594,277,2,259.46
76599,192,6,1880.84
76605,277,2,384.88
76609,277,4,350.76
76611,277,2,259.46
76612,277,4,518.92
76614,263,1,169.46
76615,275,4,910.97
76616,277,2,147.0
76621,277,1,122.72
76624,277,4,317.24
76626,277,1,129.73
76629,277,6,2324.26
76632,277,1,835.2
76634,150,1,10.56
76636,249,4,82.59
76637,167,8,1298.24
76652,277,4,350.76
76653,277,4,317.24
76660,277,4,518.92
76661,277,1,87.69
76664,276,9,1090.32
76666,11,18,3063.98
76678,190,8,1052.8
76679,277,4,350.76
76683,277,4,350.76
76685,277,4,323.0
76691,277,4,518.92
76696,182,1,264.96
76698,277,4,317.24
76700,277,1,13.23
76701,277,5,1010.76
76703,277,4,350.76
76711,277,4,518.92
76712,277,4,518.92
76715,166,8,1299.08
76716,277,4,551.72
76717,14,23,4214.96
76723,277,4,533.3399999999999
76728,277,4,350.76
76729,277,2,484.35
76735,277,4,317.24
76737,277,4,518.92
76741,267,1,15.14
76742,271,8,1037.1599999999999
76748,277,4,518.92
76751,277,4,769.76
76752,277,4,769.76
76759,277,4,518.92
76760,277,4,350.76
76767,277,4,350.76
76768,277,4,317.24
76769,277,3,389.18999999999994
76775,277,4,350.76
76778,277,4,558.46
76780,277,3,263.07
76783,111,12,1587.84
76785,275,5,553.44
76788,277,4,350.76
76791,277,4,518.92
76793,166,8,1907.28
76794,277,4,350.76
76798,277,3,237.93
76801,277,5,728.56
76802,271,8,1037.1599999999999
76805,277,4,317.24
76806,110,11,1366.1599999999999
76808,11,10,1527.67
76811,135,6,406.71999999999997
76813,167,2,361.16
76814,277,4,518.92
76816,111,12,1525.82
76819,277,4,518.92
76820,277,4,350.76
76822,277,4,360.51
76826,167,7,756.22
76827,166,8,1299.08
76832,277,4,518.92
76835,277,4,350.76
76837,277,4,350.76
76838,277,4,533.56
76841,277,4,518.92
76842,271,8,1037.1599999999999
76844,277,3,263.07
76849,277,3,263.07
76850,277,4,1909.8
76851,277,4,518.92
76853,276,8,835.8
76854,111,9,1062.52
76861,277,4,350.76
76862,276,6,737.5
76863,277,4,518.92
76865,190,6,897.74
76869,277,4,350.76
76874,277,4,518.92
76875,190,8,928.76
76878,166,8,1907.28
76879,277,4,350.76
76882,271,6,777.87
76884,277,4,350.76
76890,277,4,350.76
76892,277,2,266.78
76894,277,6,672.3199999999999
76897,277,4,350.76
76898,277,3,389.18999999999994
76899,277,2,259.46
76900,190,8,1031.24
76904,277,4,350.76
76906,277,5,437.96999999999997
76909,277,4,518.92
76910,277,4,2104.34
76914,165,7,1170.77
76916,111,4,373.6
76930,277,4,323.26
76931,115,10,1335.72
76932,277,5,504.05
76933,277,4,1054.77
76937,277,1,137.41
76940,277,4,350.76
76944,277,4,337.24
76946,277,4,350.76
76947,277,4,340.04
76951,277,4,350.76
76954,277,4,350.76
76956,14,7,762.84
76958,165,8,1304.44
76966,277,4,350.76
76969,277,4,350.76
76982,14,12,1499.83
76985,277,4,350.76
76991,277,1,192.44
76993,165,8,1304.44
76994,277,2,1149.44
76995,277,4,350.76
76996,277,4,769.76
77005,235,5,375.45
77011,165,8,1304.44
77019,277,4,769.76
77032,277,1,86.43
77037,165,8,1304.44
77044,14,8,1128.22
77052,102,8,1809.48
77055,277,3,109.62
77056,277,2,364.61
77057,165,9,1915.58
77060,277,4,371.24
77072,277,4,769.76
77073,277,4,371.24
77077,264,1,8.0
77079,190,8,883.5600000000001
77084,277,4,371.24
77088,277,4,371.24
77089,277,1,115.72
77091,190,8,1129.28
77096,277,4,371.24
77105,277,1,116.93
77107,277,4,769.76
77111,277,4,371.24
77116,187,1,129.6
77118,182,1,264.96
77119,277,1,6.08
77123,277,4,778.2
77125,277,4,337.72
77127,277,4,371.24
77132,277,4,1909.8
77137,277,4,778.2
77138,277,4,769.76
77143,277,4,769.76
77148,277,4,557.96
77149,277,6,732.45
77152,277,4,337.72
77159,277,4,337.72
77160,277,2,166.46
77164,277,1,146.93
77169,277,4,337.72
77181,277,4,337.72
77188,190,6,1324.22
77193,105,8,1080.76
77196,277,1,52.89
77204,182,4,352.96
77206,277,1,147.13
77212,275,4,509.58000000000004
77214,277,4,34.84
77221,277,2,185.62
77227,277,3,404.51
77229,277,1,154.29
77232,277,4,613.12
77235,277,2,22.18
77238,277,1,153.28
77242,277,2,950.81
77243,182,1,264.96
77246,182,1,264.96
77249,182,1,264.96
77252,277,2,1520.65
77254,249,2,9.64
77259,277,6,821.8
77263,277,3,646.31
77305,167,8,823.1800000000001
77309,277,1,193.27
77315,277,1,8.52
77322,183,1,88.94
77329,277,2,386.54
77333,277,2,386.54
77354,277,2,622.04
77355,277,4,227.12
77366,277,1,212.16
77371,277,3,219.57999999999998
77372,277,4,227.12
77382,277,1,234.92
77390,277,3,170.34
77391,263,4,27.44
77407,277,6,86.64
77408,277,1,92.81
77412,277,2,178.26
77425,277,1,92.81
77426,277,1,243.62
77433,260,6,1151.9
77439,277,3,37.2
77440,277,1,78.25
77441,277,1,64.97
77449,277,1,144.65
77451,277,2,163.24
77461,277,1,13.64
77483,277,1,43.81
77494,277,1,376.98
77497,277,1,108.24
77501,277,1,473.36
77513,277,2,622.04
77519,277,2,676.0699999999999
77521,277,4,286.02
77526,277,1,81.62
77531,277,2,178.26
77551,277,3,23.16
77552,277,2,386.54
77556,101,5,1377.03
77568,276,7,649.6700000000001
77579,276,7,649.6700000000001
77586,276,7,655.9200000000001
77600,276,8,742.48
77602,276,8,742.48
77604,273,14,182.9
77610,276,8,742.48
77616,277,1,71.46
77617,277,1,53.35
77618,276,8,742.48
77623,276,7,649.6700000000001
77633,277,1,129.77
77637,277,1,8.04
77638,276,8,742.48
77640,276,8,742.48
77647,277,2,251.15
77648,277,3,401.52
77652,276,8,759.61
77654,277,4,37.96
77656,276,8,742.48
77662,277,3,247.04999999999998
77664,275,11,1803.23
77665,276,8,742.48
77672,276,8,742.48
77674,277,1,99.82
77676,276,8,742.48
77681,276,8,742.48
77686,276,8,742.48
77692,276,7,649.6700000000001
77693,276,8,742.48
77696,135,1,7.01
77703,276,8,742.48
77705,276,8,742.48
77707,276,8,742.48
77708,277,1,82.35
77709,277,4,50.78
77716,277,5,481.63
77717,276,8,760.91
77724,277,1,158.35
77726,276,8,742.48
77733,276,8,742.48
77734,277,1,237.54
77743,276,4,371.24
77749,276,7,649.6700000000001
77755,277,1,198.62
77757,14,1,12.73
77767,277,2,185.62
77773,277,4,1140.52
77783,277,1,14.61
77792,277,3,109.62
77797,277,2,73.08
77807,277,3,1432.35
77818,277,3,247.04999999999998
77832,161,1,6.2
77847,277,1,56.78
77856,277,4,149.55
77860,75,51,4555.53
77866,274,5,47.53
77884,277,4,831.53
77892,277,4,32.48
77910,267,4,68.34
77913,277,1,473.36
77922,277,6,145.73
77929,241,8,191.64
77955,275,4,137.79
77976,277,2,258.37
78005,277,2,20.28
78030,277,1,231.44
78041,183,1,382.72
78053,277,13,123.86
78054,277,1,251.65
78057,277,4,371.24
78063,183,1,382.72
78065,276,5,655.78
78068,277,2,26.82
78072,277,2,268.24
78073,190,1,25.37
78081,273,1,102.89
78088,277,3,154.51
78094,183,1,382.72
78099,277,6,609.78
78105,276,1,6.9
78107,277,3,110.49000000000001
78113,195,4,430.79
78146,277,4,371.24
78164,183,1,382.72
78171,277,2,22.08
78173,276,2,22.7
78182,190,8,1166.51
78186,276,5,2451.39
78189,277,4,371.24
78196,275,7,864.23
78216,277,2,687.0
78217,277,4,512.48
78221,277,4,291.08
78224,277,9,1387.3500000000001
78235,277,2,145.54
78257,277,2,18.64
78267,277,1,93.47
78269,277,4,371.24
78282,277,1,137.93
78294,239,5,371.24
78295,277,7,574.5699999999999
78309,277,4,371.24
78311,276,1,78.25
78312,277,2,74.54
78314,277,1,71.62
78332,190,8,1125.2
78334,277,3,198.85
78353,209,15,1010.45
78356,277,2,23.92
78362,271,1,12.16
78377,277,2,13.4
78387,277,1,14.9
78390,277,1,56.78
78403,190,7,1036.07
78405,277,2,616.86
78410,277,1,48.23
78420,277,1,328.08
78422,276,7,776.8
78433,277,1,3.25
78472,16,34,1457.78
78480,277,1,660.0
78481,277,1,31.02
78487,277,3,29.04
78508,277,4,587.72
78519,277,6,1350.24
78524,277,4,425.36
78526,88,44,5237.65
78541,277,4,677.29
78544,277,2,17.5
78559,277,6,783.28
78583,277,1,343.5
78611,277,1,7.42
78616,270,4,57.56
78621,265,10,1041.3799999999999
78626,277,4,200.84
78633,183,7,832.97
78642,277,4,57.0
78649,277,4,1106.35
78654,277,2,99.96000000000001
78660,277,1,232.02
78682,277,3,976.42
78695,277,4,212.56
78702,190,8,1267.5
78703,277,1,42.76
78711,277,2,8.1
78718,277,1,223.32
78728,277,5,556.27
78730,277,4,212.56
78741,277,1,23.54
78756,277,3,545.8
78760,277,4,212.56
78763,277,3,537.82
78773,277,2,24.32
78799,277,4,212.56
78801,277,3,293.82
78829,193,6,556.29
78831,277,6,89.82000000000001
78840,119,2,11.93
78842,277,4,212.56
78848,277,3,50.88
78857,277,1,93.47
78873,277,4,241.63
78918,277,3,394.15999999999997
78929,264,1,92.32
78933,277,1,137.29
78946,277,3,38.67
78975,274,1,165.32
78995,163,1,7.53
79016,277,1,219.26
79044,277,4,251.32
79056,277,3,188.49
79085,253,4,633.3199999999999
79089,234,3,237.60000000000002
79100,277,1,194.53
79104,270,1,9.33
79109,277,4,218.76999999999998
79113,277,1,8.51
79157,277,2,307.53000000000003
79160,277,1,133.61
79172,277,4,551.72
79186,277,4,907.84
79220,262,1,1.22
79223,277,4,186.93
79254,216,11,223.74
79259,277,1,137.93
79307,276,4,486.63
79352,265,1,8.9
79363,276,3,327.87
79371,270,1,36.75
79391,251,4,35.07
79420,275,3,384.90999999999997
79422,276,4,904.68
79448,271,1,12.16
79487,276,1,692.49
79576,276,1,89.12
79586,274,2,7.63
79591,116,3,709.28
79609,178,1,70.95
79613,276,1,692.49
79616,276,3,252.09
79617,276,1,11.35
79619,276,7,61.28
79629,276,1,54.41
79641,276,4,356.48
79645,276,4,356.48
79648,276,1,80.06
79652,276,2,22.2
79654,276,4,356.48
79662,110,2,27.72
79664,276,1,4.5
79669,185,6,665.06
79677,276,1,36.23
79684,276,1,40.92
79702,276,1,91.33
79726,276,5,790.97
79730,276,2,11.75
79742,270,6,97.44
79756,276,1,40.92
79769,265,3,598.2900000000001
79780,111,16,1997.1999999999998
79805,276,1,6.73
79814,167,8,851.71
79820,276,2,16.66
79840,276,2,979.26
79842,276,1,133.89
79856,276,1,198.45
79867,276,2,790.1
79882,276,5,164.97
79888,276,3,236.39
79891,276,2,252.75
79893,276,1,489.63
79911,276,2,26.48
79915,276,2,516.33
79921,276,1,62.42
79923,113,8,954.6
79928,275,5,193.84
79931,276,2,136.57999999999998
79940,135,1,7.32
79941,276,1,56.31
79944,276,1,62.42
79945,103,4,50.760000000000005
79946,276,2,288.52
79950,105,18,2374.57
79955,276,4,376.44
79960,276,4,580.64
79961,158,1,22.33
79962,276,3,243.03000000000003
79970,276,4,376.44
79974,276,4,376.44
79980,276,4,492.63
79982,276,4,580.64
79985,276,4,376.44
79987,187,41,4641.18
79990,276,4,376.44
79991,276,4,580.64
79995,275,2,262.68
79999,276,1,43.2
80000,276,4,580.64
80006,14,5,364.19
80009,276,5,521.6
80012,276,4,376.44
80017,276,4,376.44
80018,276,4,376.44
80024,276,4,376.44
80025,276,4,376.44
80028,66,20,1930.78
80030,276,4,376.44
80031,276,4,376.44
80033,276,4,376.44
80039,276,4,376.44
80047,276,4,376.44
80050,116,18,2341.42
80056,276,4,376.44
80061,276,1,252.6
80063,209,5,567.27
80066,276,4,376.44
80068,276,3,53.519999999999996
80071,190,8,1297.72
80073,276,2,376.9
80075,276,4,491.64
80076,276,4,376.44
80080,183,1,382.72
80083,276,4,376.44
80085,276,2,10.36
80089,276,4,376.44
80094,276,4,376.44
80099,276,4,376.44
80100,276,4,376.44
80102,276,4,376.44
80104,276,4,376.44
80113,276,4,376.44
80115,276,4,376.44
80116,276,4,376.44
80122,276,4,376.44
80124,276,4,376.44
80127,276,5,487.68
80129,106,13,659.65
80132,276,4,376.44
80133,276,2,89.1
80134,275,6,1003.6700000000001
80146,111,32,4862.46
80148,276,4,376.44
80154,276,4,376.44
80157,276,4,376.44
80160,111,15,3358.65
80165,276,4,376.44
80174,276,6,1857.81
80180,276,4,376.44
80181,111,16,1703.79
80187,61,31,1879.6
80190,276,4,376.44
80192,276,3,256.44
80193,109,8,465.96
80196,110,8,1078.86
80197,276,4,376.44
80210,111,16,1700.3799999999999
80215,182,12,1940.64
80217,111,14,2404.91
80218,276,4,376.44
80223,276,4,376.44
80225,111,20,3099.35
80229,276,4,376.44
80235,276,2,1328.12
80236,276,4,376.44
80240,276,4,376.44
80242,275,4,409.49
80244,276,4,376.44
80245,276,3,1992.1799999999998
80247,111,6,1613.3200000000002
80251,276,4,2749.63
80256,276,4,376.44
80257,275,2,18.64
80261,275,3,1992.1799999999998
80262,275,2,333.3
80263,275,4,376.44
80266,275,4,376.44
80268,275,3,282.33
80269,239,10,100.95
80271,275,4,666.6
80272,275,4,376.44
80275,275,1,493.86
80279,275,1,82.37
80281,275,4,376.44
80282,275,4,376.44
80288,275,4,376.44
80293,275,4,329.48
80295,275,4,376.44
80298,275,4,539.44
80306,275,4,539.44
80311,275,4,1545.23
80314,275,4,472.14000000000004
80318,11,9,1180.3000000000002
80319,275,13,1288.59
80321,275,4,376.44
80323,275,4,376.44
80324,275,4,376.44
80328,275,4,376.44
80329,275,4,376.44
80331,11,10,1324.0700000000002
80334,275,4,376.44
80336,275,4,376.44
80337,275,4,376.44
80341,275,4,376.44
80342,275,5,564.81
80344,168,5,691.3199999999999
80346,275,4,376.44
80347,275,4,376.44
80348,11,34,2753.4900000000002
80350,270,1,304.58
80351,275,4,376.44
80355,275,5,564.81
80356,275,4,376.44
80357,275,4,376.44
80359,275,4,376.44
80360,275,4,417.28999999999996
80361,275,4,376.44
80363,275,3,282.33
80365,275,4,376.44
80370,275,4,539.56
80372,275,4,376.44
80373,275,4,376.44
80378,190,8,810.02
80379,275,4,376.44
80381,275,1,188.37
80383,275,3,387.68999999999994
80385,275,3,398.52000000000004
80386,275,4,376.44
80388,113,9,1560.94
80390,271,10,940.32
80393,275,2,178.3
80395,275,2,178.3
80396,271,8,752.36
80397,271,6,564.4
80398,275,2,178.3
80400,135,5,313.06
80401,271,8,752.36
80407,271,8,752.36
80408,275,3,551.15
80409,271,8,752.36
80410,271,7,658.38
80411,271,8,752.36
80415,271,8,752.36
80421,198,2,7.74
80431,135,12,0.0
80456,275,1,11.35
80461,271,2,92.38
80464,275,1,49.37
80469,275,2,391.05
80472,275,1,129.23
80483,275,3,1338.1299999999999
80499,183,5,1085.55
80501,275,2,23.78
80503,275,2,153.4
80505,275,3,386.76
80522,275,1,4.47
80533,275,4,39.900000000000006
80547,275,3,1444.53
80566,275,4,515.68
80567,275,3,1444.53
80571,275,3,1444.53
80576,168,6,2389.17
80579,275,3,1444.53
80583,275,3,1444.53
80585,275,4,515.68
80588,275,3,1444.53
80594,275,3,1452.65
80595,271,5,3042.71
80597,271,4,1925.3899999999999
80601,271,6,2887.11
80604,271,6,2887.11
80606,271,2,962.37
80611,271,6,2887.11
80612,271,6,2887.11
80618,271,6,2887.11
80626,271,6,2887.11
80627,275,8,254.24
80628,275,3,1639.07
80629,271,6,2887.11
80631,275,4,436.16
80641,112,8,969.52
80646,275,3,30.409999999999997
80651,271,5,2502.74
80652,112,17,3085.47
80659,275,4,515.68
80682,275,4,74.12
80695,275,1,481.51
80718,114,2,85.15
80720,275,4,533.9499999999999
80721,275,4,436.16
80722,239,7,2366.27
80726,83,14,4525.0
80727,275,4,37.32
80728,275,1,109.04
80729,239,8,2132.04
80733,275,1,186.43
80734,275,3,1444.53
80739,275,3,1444.53
80740,190,8,1823.25
80741,271,7,4048.34
80742,275,4,753.48
80744,274,3,510.32
80747,271,6,3470.34
80754,271,6,3470.34
80755,275,3,1444.53
80757,271,2,1156.78
80758,275,2,27.58
80760,275,1,188.37
80769,275,4,580.61
80774,275,4,1029.32
80783,183,10,1812.87
80785,275,1,126.61
80789,275,4,1029.32
80793,166,8,797.22
80797,275,4,1029.32
80804,275,4,1029.32
80806,275,2,302.22
80811,275,2,210.3
80821,275,4,1029.32
80827,275,1,87.38
80832,275,1,83.57
80840,25,8,684.06
80858,275,1,2.35
80864,275,3,28.86
80872,275,1,57.68
80883,167,2,18.42
80914,275,1,16.23
80918,275,2,205.99
80950,111,62,7083.54
80958,275,1,48.97
80959,275,1,320.77
80966,105,6,451.51
80979,275,4,520.16
80980,275,1,150.69
80987,67,27,1124.1200000000001
80988,275,2,16.04
80990,275,4,520.16
81006,275,3,24.42
81017,274,1,489.21
81028,274,2,27.54
81030,274,3,26.880000000000003
81038,274,1,30.22
81091,179,24,1409.41
81092,274,2,1164.6799999999998
81094,274,5,296.24
81096,274,2,16.86
81103,220,1,13.85
81111,274,1,228.21
81112,274,4,200.76
81117,274,7,413.16
81120,274,2,85.46
81124,274,1,6.07
81131,274,3,1443.3000000000002
81133,136,1,5.26
81141,274,2,231.58
81146,274,2,105.52
81158,274,3,1966.1100000000001
81176,274,1,3.64
81180,274,6,119.1
81184,274,2,93.36
81185,274,4,44.26
81190,274,1,12.16
81198,274,1,78.18
81205,124,3,75.64
81230,274,2,26.42
81237,274,1,259.64
81238,274,1,705.91
81242,274,1,698.14
81245,274,1,230.9
81250,274,4,33.2
81254,274,1,259.64
81262,274,1,697.8
81265,274,6,70.86
81323,274,18,3153.1600000000003
81325,274,1,13.64
81336,274,1,3.23
81363,274,1,15.4
81417,274,1,78.43
81430,274,3,27.6
81435,273,4,321.69000000000005
81466,273,4,41.92
81527,273,1,565.67
81528,273,1,565.67
81538,273,2,22.5
81544,273,3,169.32
81553,273,1,6.84
81554,105,10,732.0500000000001
81559,273,1,6.83
81569,263,3,39.88
81597,273,1,0.0
81619,273,6,60.599999999999994
81651,273,2,16.36
81656,273,1,49.07
81658,273,6,51.06
81691,272,1,54.16
81709,135,1,8.04
81715,270,4,616.12
81721,272,8,67.32
81736,221,24,898.28
81748,256,2,58.54
81749,267,2,108.28
81756,272,2,25.0
81758,272,4,45.2
81761,272,1,54.16
81763,272,1,54.16
81766,272,1,54.16
81770,272,1,8.49
81774,272,1,54.16
81775,272,2,108.32
81792,272,1,8.88
81797,272,3,32.400000000000006
81801,272,1,103.37
81842,272,2,14.3
81870,271,1,54.34
81871,271,1,54.34
81873,271,3,27.48
81874,271,1,54.34
81890,271,1,54.34
81909,183,5,102.02000000000001
81939,271,1,54.34
81953,271,2,291.76
81964,271,7,58.27
81977,271,1,6.07
81984,271,2,19.82
81993,270,3,282.03000000000003
82055,142,1,89.28
82080,270,1,2.83
82086,270,4,66.16
82089,249,13,2994.0
82135,269,3,24.48
82136,269,1,54.42
82137,269,1,54.42
82139,269,1,54.42
82142,269,1,54.42
82144,269,1,54.42
82148,269,1,54.42
82149,269,1,21.1
82153,260,12,1301.77
82154,89,2,78.92
82157,268,2,506.66999999999996
82162,253,6,1159.87
82163,262,5,271.1
82170,252,3,620.95
82173,269,1,158.37
82174,269,1,1.74
82184,199,4,351.32
82186,269,6,95.28999999999999
82198,269,2,19.46
82207,269,5,272.1
82282,268,1,283.77
82290,268,1,462.95
82311,267,3,41.07
82322,262,2,108.19
82325,218,4,135.11
82351,66,9,360.13
82354,267,1,54.12
82377,267,2,12.1
82378,96,4,88.82
82387,267,5,55.099999999999994
82419,266,1,53.67
82420,266,1,53.67
82421,266,1,53.67
82441,266,4,61.2
82452,193,3,203.15
82474,260,1,44.46
82489,188,5,40.760000000000005
82490,262,6,56.3
82504,266,4,54.4
82528,265,3,33.33
82542,265,2,10.52
82546,265,1,5.26
82549,265,1,54.26
82550,244,3,15.68
82572,265,1,54.26
82577,198,5,43.989999999999995
82582,265,1,41.4
82618,265,6,96.72
82619,265,2,24.26
82635,264,2,19.48
82641,52,5,428.85
82648,264,3,88.57
82650,258,5,1333.81
82653,264,8,661.71
82654,103,1,81.14
82656,264,1,14.63
82664,264,17,157.54000000000002
82667,116,14,823.7
82675,264,1,60.81
82678,249,4,244.49
82679,264,3,26.849999999999998
82694,209,8,644.28
82699,141,2,12.579999999999998
82705,89,5,77.59
82710,216,6,58.08
82722,235,1,170.64
82725,264,2,8.88
82729,166,2,235.51999999999998
82731,264,3,102.43
82734,15,7,923.72
82752,263,1,54.07
82753,263,1,54.07
82754,263,1,54.07
82755,259,2,107.63
82757,263,1,8.47
82760,263,1,6.85
82765,258,3,461.41999999999996
82769,263,3,229.70999999999998
82783,263,1,54.07
82796,256,4,68.4
82815,263,1,339.02
82873,262,1,54.07
82874,262,1,54.07
82878,262,1,54.07
82883,262,1,54.07
82906,262,1,54.07
82911,262,5,278.93
82918,54,75,15449.89
82919,262,9,121.21000000000001
82933,262,4,79.56
82998,242,7,38.99
83006,260,6,53.64
83012,260,9,74.52
83015,256,2,67.25
83016,260,3,42.089999999999996
83017,260,1,19.53
83033,260,1,2.35
83039,260,2,17.64
83040,260,2,26.0
83046,243,18,2563.26
83053,258,7,1970.01
83065,260,2,19.54
83113,259,1,53.56
83114,259,1,53.56
83149,259,8,899.5500000000001
83164,89,27,262.05
83166,218,15,2136.06
83170,259,1,21.98
83212,258,2,65.15
83258,258,3,437.18999999999994
83273,258,1,47.11
83280,258,21,175.98000000000002
83282,190,3,273.95
83315,257,2,277.62
83329,257,5,57.9
83341,257,2,16.82
83344,257,1,47.25
83345,257,4,31.52
83361,257,2,17.7
83364,20,197,28748.76
83384,249,6,48.49
83387,188,7,442.14
83407,256,4,1097.34
83416,123,3,10.47
83419,16,39,1142.79
83429,256,1,637.64
83434,256,4,62.4
83467,256,1,13.8
83506,255,2,22.92
83508,255,1,43.66
83514,255,1,144.71
83521,255,1,12.06
83532,255,5,40.949999999999996
83548,255,13,117.61999999999999
83579,254,1,23.66
83620,253,1,4.3
83621,252,6,1748.85
83625,253,1,585.73
83626,253,2,31.2
83627,253,1,638.62
83631,253,3,23.88
83638,211,7,0.0
83640,253,1,15.61
83647,228,6,58.12
83667,253,8,63.6
83675,253,1,14.43
83724,252,5,53.0
83736,12,271,35586.24
83738,238,2,344.41999999999996
83742,251,1,10.84
83749,31,7,240.69000000000003
83761,168,1,22.0
83766,227,1,6.24
83769,152,17,223.92
83834,250,8,63.12
83837,250,4,592.03
83838,215,17,2996.26
83840,250,1,3.62
83858,249,1,64.99
83866,249,4,33.16
83868,235,13,2999.92
83876,249,2,121.81
83889,241,1,12.64
83898,14,5,94.89
83910,102,5,87.53
83924,248,4,37.46
83926,248,1,80.92
83934,248,1,42.38
83975,247,1,3.92
84014,215,3,1170.25
84035,246,1,578.68
84090,243,2,1259.67
84092,245,1,16.86
84093,245,1,16.86
84113,245,1,35.05
84144,244,2,23.88
84146,15,4,2073.29
84147,244,4,33.84
84197,243,1,83.23
84227,181,8,526.26
84254,242,2,15.62
84265,242,1,245.8
84266,242,2,20.86
84267,242,1,30.46
84271,242,1,659.47
84287,179,38,4315.51
84288,242,6,280.84000000000003
84295,177,6,629.66
84338,241,1,626.44
84354,241,5,42.45
84406,239,4,352.44
84408,239,1,7.24
84412,193,8,891.4000000000001
84413,238,4,352.44
84421,111,5,123.61
84424,190,2,20.32
84428,239,4,387.44
84429,239,4,387.44
84430,239,1,39.19
84431,239,1,9.15
84432,239,1,88.11
84433,239,2,15.98
84434,239,4,387.44
84435,239,4,387.44
84437,239,2,21.32
84438,239,4,387.44
84440,239,2,15.98
84441,239,4,387.44
84442,239,4,387.44
84443,239,5,574.81
84444,11,21,2918.23
84445,111,11,1959.75
84446,239,4,387.44
84447,239,4,387.44
84448,239,4,387.44
84449,238,14,768.74
84450,15,6,599.6
84451,239,5,491.93
84452,239,4,387.44
84453,239,4,387.44
84454,239,4,387.44
84455,239,4,387.44
84456,190,8,899.76
84457,190,8,1137.12
84458,239,4,387.44
84459,213,6,459.12
84460,239,4,387.44
84461,190,8,1137.12
84462,239,4,387.44
84463,190,8,899.76
84464,239,4,387.44
84465,239,4,386.32
84472,239,1,21.78
84477,239,1,89.53
84503,239,1,4.96
84509,236,2,133.66
84524,238,4,352.44
84525,121,9,513.53
84528,238,4,352.44
84530,238,4,352.44
84531,238,4,352.44
84532,238,4,352.44
84533,238,1,88.11
84534,238,4,352.44
84535,238,4,352.44
84536,238,2,176.22
84537,238,4,352.44
84538,238,2,176.22
84539,238,1,88.11
84548,172,10,0.0
84554,238,2,50.2
84562,238,1,167.5
84582,135,4,1431.6
84604,236,1,8.73
84619,237,1,22.11
84620,237,4,175.2
84623,237,2,23.94
84626,237,1,318.52
84632,237,4,744.96
84638,102,10,508.61
84653,237,1,193.5
84656,237,1,38.96
84681,237,1,25.02
84719,105,12,2446.44
84729,236,2,227.46
84746,235,4,161.92
84758,209,4,237.04
84759,111,6,1613.9899999999998
84763,235,2,60.6
84765,235,4,341.32
84772,235,1,40.11
84784,128,6,160.51
84785,235,1,290.93
84787,14,16,757.33
84792,235,1,90.83
84796,235,2,92.91
84797,174,4,42.9
84801,235,2,17.66
84811,228,4,135.2
84820,157,63,1746.95
84839,234,1,6.43
84850,81,24,4890.53
84869,234,1,41.14
84906,233,1,11.36
84911,221,1,3.35
84943,225,1,8.66
84958,41,72,14623.46
84966,232,1,95.16
84967,224,2,427.90999999999997
84974,21,33,314.36
84979,232,2,26.38
85028,231,2,16.78
85039,231,1,45.44
85042,231,9,73.71
85059,222,1,8.6
85089,230,2,19.14
85090,230,1,82.94
85133,229,1,10.96
85149,229,1,7.22
85151,135,1,7.37
85166,229,1,5.7
85168,229,2,25.86
85190,228,1,8.79
85206,228,2,23.34
85208,228,3,309.93
85210,228,1,16.83
85217,228,1,137.34
85250,227,3,26.58
85252,166,1,33.23
85286,227,19,195.52
85302,223,1,4.44
85338,226,1,314.09
85349,203,1,1.2
85353,226,1,371.17
85367,181,2,16.48
85380,217,8,60.2
85395,161,16,3526.51
85452,224,1,20.87
85495,223,1,5.61
85522,223,4,38.92
85561,95,6,9.19
85568,167,10,302.97
85618,128,4,34.7
85629,221,4,30.28
85630,221,6,45.839999999999996
85636,221,1,3.66
85670,217,1,2.77
85692,217,9,81.06
85761,190,2,15.86
85767,211,6,44.64
85819,201,1,195.62
85825,217,1,338.35
85826,217,1,18.45
85856,116,6,1405.58
85860,216,1,441.4
85866,216,1,99.3
85867,176,11,199.82999999999998
85871,216,1,499.61
85908,216,4,31.84
85913,153,1,34.86
85921,208,1,6.2
85940,215,1,495.07
85963,215,2,913.56
85983,214,2,13.0
85998,207,5,1775.97
86004,214,1,3.61
86006,214,1,13.04
86062,189,3,217.84
86095,129,4,314.21000000000004
86097,213,1,644.23
86109,213,1,619.18
86112,213,4,264.77
86114,209,5,506.29999999999995
86116,213,1,53.58
86135,213,1,622.08
86137,213,1,564.87
86155,194,1,10.21
86196,212,1,611.94
86227,183,4,32.8
86239,211,1,121.54
86245,211,3,22.5
86246,211,1,90.38
86247,211,1,648.41
86262,211,1,229.6
86282,210,1,618.03
86287,210,2,26.34
86290,210,1,578.53
86330,209,2,697.23
86340,209,2,15.48
86354,209,1,577.34
86355,209,4,32.02
86358,209,1,140.02
86359,209,1,27.71
86360,106,3,371.02
86366,39,5,306.36
86367,56,1,127.9
86369,209,2,184.92
86372,209,2,166.4
86379,209,2,184.92
86382,209,2,184.92
86384,209,2,184.92
86387,209,2,184.92
86391,209,2,58.38
86392,209,2,131.36
86394,116,6,1307.29
86402,209,2,94.87
86405,208,2,145.92
86433,208,1,15.47
86468,195,3,24.36
86483,207,1,96.97
86502,197,1,7.38
86513,79,2,190.54
86549,206,1,20.15
86580,205,1,64.4
86629,204,4,1455.58
86648,116,5,60.900000000000006
86664,203,7,352.03
86678,203,1,10.21
86684,166,8,327.11
86724,202,1,13.06
86725,202,1,14.37
86736,192,1,2.81
86779,202,1,57.28
86782,190,2,18.12
86801,112,27,5323.3
86846,201,1,56.33
86847,201,1,11.8
86860,201,1,100.89
86864,201,1,55.48
86885,200,1,92.18
86891,200,4,219.6
86917,200,1,624.7
86929,200,1,79.81
86941,200,5,260.05
86948,200,2,128.16
86959,200,3,176.01
86962,200,3,149.76
86964,200,18,977.76
87007,199,2,15.68
87074,180,3,116.78
87105,199,7,356.59000000000003
87135,198,1,9.24
87159,198,3,153.94
87168,198,2,33.22
87264,198,1,65.29
87269,198,13,686.14
87272,189,2,1.62
87291,198,5,265.79999999999995
87300,194,7,359.87
87317,197,1,35.46
87332,197,1,7.93
87389,197,2,17.1
87400,181,1,19.24
87401,164,1,6.33
87453,181,7,102.61
87468,196,1,0.0
87479,196,1,6.41
87501,183,3,310.04
87535,196,1,66.28
87577,196,1,6.41
87604,195,2,100.4
87612,195,2,16.56
87637,180,4,255.99
87663,195,2,16.68
87675,194,2,367.86
87676,195,1,257.8
87703,195,6,316.92
87726,194,1,7.59
87758,194,6,131.28
87822,194,1,21.88
87889,194,1,7.3
88017,194,2,21.22
88166,193,4,43.480000000000004
88210,194,1,7.3
88230,194,2,43.76
88249,194,1,36.48
88270,194,1,21.88
88273,194,3,21.9
88285,172,1,6.61
88295,194,1,36.48
88306,194,1,36.48
88317,194,1,36.48
88346,194,1,7.3
88357,194,2,29.18
88401,194,1,36.48
88422,194,1,36.48
88442,194,1,36.48
88480,194,1,36.48
88498,194,1,14.59
88545,194,2,116.72
88554,194,1,36.48
88592,194,1,53.47
88601,193,1,86.96
88699,193,1,144.94
88700,193,8,404.64
88749,193,2,115.96
88775,193,8,414.8
88782,119,1,110.38
88832,193,1,95.22
88844,132,1,8.05
88845,192,5,434.79999999999995
88846,193,1,8.33
88848,144,16,1476.2
88865,192,3,173.92
88878,14,5,442.39
88881,193,3,43.47
88885,193,3,404.22
88890,193,1,14.49
88891,193,1,60.8
88899,193,2,269.48
88900,193,4,538.96
88906,190,8,1051.2800000000002
88908,193,2,269.48
88909,193,4,538.96
88913,193,2,269.48
88917,193,3,404.22
88922,193,3,404.22
88926,190,8,1051.2800000000002
88934,103,2,173.36
88937,193,4,538.96
88939,193,1,231.47
88944,67,34,3534.7999999999997
88963,193,1,134.74
88984,192,2,21.740000000000002
89021,116,2,489.13
89034,192,2,111.02
89081,182,5,508.56
89116,95,7,910.3
89120,192,1,127.49
89127,192,4,292.05
89162,14,55,3952.95
89172,190,8,1168.0
89182,192,4,538.96
89197,192,2,24.62
89211,115,6,820.22
89212,174,10,3024.04
89230,192,3,159.75
89248,192,2,53.5
89281,188,5,319.59999999999997
89285,179,1,10.36
89363,115,3,373.33
89372,187,6,1002.6400000000001
89385,182,6,349.0
89388,11,24,2582.27
89390,191,4,203.12
89393,191,8,404.88
89412,191,11,923.93
89526,11,21,2824.04
89547,190,1,189.95
89556,190,9,758.3
89570,190,2,273.24
89574,186,4,175.33
89586,190,1,116.34
89597,190,1,6.33
89629,94,5,340.65
89632,190,4,512.32
89642,186,5,512.32
89646,190,3,325.65
89647,190,1,58.17
89649,116,3,268.59000000000003
89650,186,5,512.32
89653,14,10,980.5
89654,190,4,512.32
89658,190,4,434.2
89659,190,8,970.06
89663,116,3,268.59000000000003
89666,190,4,512.32
89667,116,2,179.06
89669,190,2,256.16
89671,186,5,512.32
89672,190,1,108.55
89673,11,30,1678.2
89675,190,3,307.38
89678,190,1,128.08
89682,190,3,640.4000000000001
89683,190,2,256.16
89688,113,8,4772.64
89689,190,3,307.38
89690,179,7,1579.8500000000001
89691,190,2,666.64
89695,11,13,2917.29
89697,190,2,256.16
89698,190,2,204.92
89704,190,5,558.97
89706,190,4,174.12
89707,116,5,565.04
89709,190,2,204.92
89714,190,4,377.52
89717,190,4,450.41999999999996
89721,11,8,935.87
89722,190,4,1499.32
89724,103,2,173.36
89727,190,4,1499.32
89728,190,4,434.2
89734,190,2,757.62
89735,190,4,434.2
89738,187,6,1515.46
89739,190,4,174.12
89744,190,8,1183.8799999999999
89745,11,14,1841.6
89746,190,4,1515.24
89747,190,1,187.42
89748,190,4,409.84
89752,190,4,1515.24
89754,116,4,1337.5100000000002
89755,115,2,179.06
89758,116,2,620.2
89760,190,4,1499.32
89761,190,4,749.68
89764,190,1,187.42
89765,190,1,187.42
89766,111,8,1102.1599999999999
89767,116,3,431.03999999999996
89769,190,1,43.63
89771,115,5,273.82
89772,190,4,749.68
89773,190,4,1499.32
89775,190,4,1499.32
89778,190,4,1499.32
89779,190,5,2366.0
89780,11,8,2039.52
89781,11,14,3605.09
89783,190,2,190.38
89784,190,4,1499.32
89785,190,4,720.6
89788,116,1,180.7
89789,190,4,1499.32
89790,190,2,562.25
89793,190,4,1499.32
89796,190,1,340.59
89797,11,7,1920.39
89800,190,4,1136.44
89801,190,3,1132.45
89802,190,4,1499.32
89804,168,27,1781.34
89805,190,4,1515.24
89807,179,2,758.22
89808,190,3,1136.43
89809,190,1,81.33
89811,179,1,379.11
89812,14,30,2730.84
89813,111,6,907.4000000000001
89814,186,6,1507.28
89816,179,1,379.11
89817,190,3,947.03
89818,190,4,1515.24
89819,88,8,516.04
89820,190,4,1515.24
89822,116,4,794.09
89823,190,4,1515.24
89824,190,4,981.46
89827,112,18,988.84
89830,171,7,1704.57
89832,116,4,611.74
89833,190,4,1515.24
89835,190,4,757.64
89836,116,4,1730.33
89839,111,13,2233.24
89841,11,11,2416.91
89842,113,7,3680.1200000000003
89844,190,4,753.66
89845,190,3,1136.43
89846,190,4,757.64
89847,190,2,247.0
89848,165,3,2539.7200000000003
89850,11,10,2038.1
89852,109,8,783.9399999999999
89853,190,4,749.68
89855,113,7,3083.0
89859,113,8,3601.24
89863,11,7,1877.6999999999998
89866,113,7,2317.61
89871,116,4,1529.3899999999999
89872,116,4,611.74
89875,116,2,179.06
89876,190,4,868.4
89879,116,5,1252.01
89880,11,14,1928.4
89881,116,4,611.74
89883,87,12,1099.3
89884,116,4,358.12
89885,190,3,562.26
89886,116,5,1618.92
89889,115,5,740.84
89894,115,5,1824.86
89895,190,3,651.3
89899,190,3,562.26
89901,182,11,3064.0
89907,190,4,523.08
89909,190,2,374.84
89910,116,6,1886.41
89911,167,4,2680.54
89912,167,4,1844.35
89916,11,6,674.28
89920,115,8,2614.35
89922,115,8,2614.35
89923,115,8,2595.1099999999997
89924,102,1,87.5
89926,115,5,740.84
89928,190,4,456.42
89930,115,5,740.84
89931,115,4,771.24
89932,182,5,1724.34
89933,190,4,377.52
89934,167,3,1652.17
89936,183,2,391.37
89938,115,5,740.84
89940,183,2,391.37
89941,165,3,554.0699999999999
89942,115,5,740.84
89943,179,4,628.79
89947,190,2,196.47
89949,103,1,86.68
89950,190,1,87.1
89951,190,4,377.52
89955,74,22,1433.67
89957,115,5,740.84
89960,190,3,261.29999999999995
89963,103,1,86.68
89965,103,1,86.68
89968,110,8,3083.66
89970,14,18,1689.67
89973,189,1,10.43
89974,95,43,2528.85
89980,167,1,1260.8
89995,95,57,2202.5
89998,189,4,1493.16
90000,115,5,714.25
90002,115,5,623.0799999999999
90005,115,4,533.55
90006,189,4,1493.16
90008,115,5,671.42
90018,189,4,774.48
90020,182,9,1144.49
90041,189,2,283.94
90042,112,12,1085.53
90047,189,1,188.27
90050,189,1,209.16
90051,189,4,673.1700000000001
90063,189,2,24.9
90070,189,3,119.99000000000001
90073,189,5,612.5799999999999
90075,189,2,21.72
90088,189,10,597.4
90091,189,3,161.34
90112,187,6,598.42
90116,187,4,511.74
90127,189,1,217.23
90143,189,1,7.6
90149,189,3,488.33
90161,16,7,92.09
90167,189,4,433.32
90172,182,6,292.89
90175,189,5,1083.04
90181,189,2,107.06
90200,14,23,3513.44
90201,189,3,1392.4499999999998
90213,113,16,5810.04
90217,113,17,4932.08
90222,113,7,1123.53
90224,115,8,971.5
90225,189,4,538.48
90227,110,7,1828.99
90228,189,2,99.78
90229,110,8,2175.2
90232,189,4,538.48
90237,182,6,2178.38
90257,189,10,108.10000000000001
90267,188,6,316.98
90336,188,4,652.16
90349,183,4,1530.88
90370,183,4,1148.16
90386,188,1,343.65
90406,183,4,1723.7
90421,83,2,0.0
90438,183,5,1406.29
90445,46,33,1856.0
90461,146,1,33.76
90487,39,18,554.39
90494,119,1,40.71
90510,11,8,1058.6
90525,187,1,17.94
90528,187,1,176.81
90531,187,5,256.15
90542,187,2,581.86
90546,187,1,91.89
90563,187,1,450.92
90584,187,1,479.59
90592,178,2,18.38
90610,185,3,387.91999999999996
90618,187,7,362.32
90628,185,6,702.3
90637,187,1,191.98
90641,158,28,3851.13
90650,187,3,92.99
90653,179,24,3181.86
90654,187,4,767.48
90662,179,13,1642.44
90664,185,3,363.7
90678,14,9,833.03
90684,187,1,29.47
90692,173,3,26.82
90701,183,4,243.32999999999998
90716,14,4,116.8
90729,183,2,103.72
90739,187,3,29.160000000000004
90751,99,1,146.81
90766,167,9,1359.12
90800,135,1,366.09
90810,106,7,707.91
90811,106,1,9.15
90820,186,4,516.64
90823,116,19,5314.77
90829,116,8,4490.63
90838,105,11,1304.97
90843,178,2,29.3
90853,186,4,516.64
90864,186,4,546.0
90874,116,8,4133.58
90879,185,4,516.64
90880,116,18,5068.42
90889,116,18,4588.24
90890,106,7,623.4399999999999
90903,116,7,2241.0
90909,186,4,217.32
90916,116,8,3398.09
90918,15,27,5443.1900000000005
90921,186,1,136.5
90924,11,13,2249.15
90941,186,4,764.88
90946,186,3,218.04000000000002
90956,167,8,1171.97
90999,11,10,2460.76
91002,183,4,1143.4
91042,185,2,955.92
91054,185,1,575.86
91063,185,3,387.48
91088,112,15,2810.9700000000003
91092,102,5,1131.28
91132,185,4,356.48
91135,185,1,89.12
91137,185,2,178.24
91154,185,1,196.33
91176,102,7,629.0799999999999
91180,102,7,629.0799999999999
91213,184,1,577.98
91227,102,11,1252.45
91259,184,7,497.21000000000004
91319,16,53,2719.17
91328,183,2,17.2
91388,113,12,1495.96
91394,183,1,55.29
91396,16,4,2367.37
91410,182,4,505.78
91422,183,1,26.56
91447,102,8,712.45
91455,116,34,5595.28
91459,74,23,5339.13
91466,183,1,353.54
91479,183,1,4.27
91497,183,4,355.76
91500,111,6,832.02
91507,113,6,3353.48
91508,183,8,1088.88
91510,113,3,1412.45
91513,183,3,551.8199999999999
91514,183,2,765.44
91515,183,3,574.08
91518,183,4,663.02
91519,183,2,765.44
91520,183,2,206.82
91523,11,7,1041.22
91524,183,2,765.44
91528,183,2,765.44
91529,11,20,2529.4
91530,183,4,1148.16
91532,183,4,1617.6
91536,183,4,1530.88
91539,102,5,3473.16
91540,183,4,1530.88
91542,183,7,1002.5799999999999
91543,183,4,1833.57
91544,183,3,611.87
91545,167,4,3287.04
91546,183,4,1530.88
91547,104,8,1111.1200000000001
91549,179,7,1052.36
91551,183,4,765.44
91552,167,3,2026.24
91553,183,4,1530.88
91554,183,3,1429.17
91555,183,3,1148.16
91558,179,6,861.54
91560,183,1,382.72
91561,183,4,1530.88
91562,183,1,382.72
91563,183,3,574.08
91564,183,2,765.44
91565,183,1,382.72
91566,182,2,206.01
91567,183,4,1530.88
91568,183,1,382.72
91569,183,2,371.61
91570,183,4,1530.88
91571,179,8,1148.72
91572,183,1,382.72
91573,183,1,382.72
91574,183,3,1148.16
91576,179,8,851.59
91577,11,11,1402.77
91579,183,1,382.72
91587,183,2,780.38
91589,175,1,31.84
91591,183,2,780.38
91593,165,3,2043.4199999999998
91595,182,6,123.53999999999999
91596,167,4,1382.77
91599,183,2,780.38
91600,11,11,1072.12
91606,116,8,1328.86
91607,183,2,780.38
91609,102,3,262.5
91610,183,8,831.9200000000001
91612,183,2,780.38
91614,183,2,780.38
91615,182,3,772.63
91617,183,2,780.38
91618,183,4,227.84
91621,183,2,154.86
91622,183,2,780.38
91628,183,3,1170.57
91631,183,3,1170.57
91632,183,5,517.39
91636,183,2,780.38
91638,183,4,309.72
91639,183,3,665.01
91641,116,5,291.65
91642,183,7,883.48
91646,183,2,443.34
91648,183,2,443.34
91650,183,2,443.34
91651,183,8,829.12
91655,183,1,221.67
91657,167,4,3329.58
91662,183,2,2561.28
91663,182,4,1143.97
91664,183,2,2561.28
91666,116,6,336.18
91670,183,1,108.27
91673,167,6,399.03999999999996
91675,113,7,4228.2
91677,182,1,635.32
91680,182,4,477.79999999999995
91681,182,1,95.61
91682,113,8,4685.7
91685,113,8,4901.48
91697,182,1,387.14
91700,182,3,1663.7000000000003
91702,182,3,1161.42
91704,182,4,654.98
91708,182,3,159.57
91711,182,1,635.32
91712,182,2,774.28
91713,182,6,684.16
91718,182,2,774.28
91721,182,2,774.28
91726,182,1,387.14
91732,182,1,191.22
91733,182,1,191.22
91734,182,10,1033.07
91735,182,7,1072.56
91736,11,6,1255.13
91740,182,2,382.44
91741,182,2,382.44
91746,182,1,191.22
91749,182,3,659.8199999999999
91750,182,7,720.78
91753,182,2,439.88
91754,182,1,132.43
91756,182,3,307.79999999999995
91757,182,6,663.78
91761,182,4,2541.28
91762,115,5,623.0799999999999
91764,138,10,1071.33
91765,182,2,855.26
91766,182,2,774.28
91767,182,4,529.92
91768,182,1,219.94
91769,182,2,774.28
91771,182,4,529.92
91772,182,1,109.97
91775,182,1,193.57
91781,182,4,529.92
91785,182,4,546.29
91786,115,4,358.12
91791,115,4,358.12
91808,182,2,382.44
91811,182,2,382.44
91820,182,4,410.4
91841,182,2,795.12
91846,182,4,352.96
91857,182,4,352.96
91867,182,4,329.56
91868,182,4,269.77
91873,182,4,331.53999999999996
91882,182,3,250.14
91884,182,3,1905.96
91888,182,1,659.07
91890,179,7,925.42
91892,116,11,1357.15
91903,11,10,534.76
91920,182,8,782.06
91924,182,7,687.08
91936,182,7,709.5799999999999
91940,182,4,352.96
91943,179,6,749.48
91959,182,1,88.24
91967,176,7,2255.32
91975,182,1,97.52
91976,182,2,205.2
91977,182,5,514.16
91978,166,22,2614.86
91980,182,4,335.21
91981,182,2,176.48
91983,182,1,102.6
91985,165,5,2275.5099999999998
91986,165,6,4625.55
91989,113,8,4592.78
91993,168,6,77.28
91994,113,7,4577.05
91999,113,6,3316.25
92000,182,4,2125.44
92001,167,3,795.31
92005,182,1,82.39
92006,167,2,604.0899999999999
92008,167,4,1322.22
92009,167,2,604.0899999999999
92011,167,2,604.0899999999999
92013,182,1,219.94
92016,179,8,1519.04
92020,182,1,219.94
92021,179,7,1329.17
92030,182,1,187.8
92036,182,1,635.32
92040,182,2,774.28
92064,182,1,106.06
92109,11,5,1072.7
92136,159,6,174.13
92139,181,1,709.16
92156,181,1,584.59
92158,181,1,652.84
92169,181,1,584.59
92190,181,2,346.38
92191,28,5,25.92
92194,181,1,41.8
92270,152,8,427.16
92277,181,2,39.26
92317,180,3,20.630000000000003
92322,180,1,11.13
92328,166,2,203.96
92341,178,6,980.9499999999999
92357,11,38,1611.56
92370,177,7,1016.21
92371,113,18,1777.03
92372,166,1,57.57
92401,180,1,133.61
92408,157,1,11.85
92419,102,1,13.94
92429,167,6,788.34
92449,175,1,233.76
92459,60,3,571.38
92460,179,4,443.0
92465,179,4,443.0
92471,116,11,1147.47
92481,169,13,1039.76
92483,179,4,759.56
92486,179,4,759.56
92488,179,4,759.56
92489,179,4,759.56
92490,116,3,490.13
92492,179,4,600.8199999999999
92500,179,3,88.83
92533,179,1,185.07
92535,179,4,412.48
92536,157,6,1151.8400000000001
92538,179,4,412.48
92540,179,1,29.61
92542,179,4,412.48
92548,179,4,442.08
92549,179,4,442.08
92551,179,4,442.08
92552,179,4,412.48
92562,179,1,7.7
92565,165,5,1052.17
92566,179,1,110.52
92572,179,4,412.48
92577,169,6,794.62
92583,179,4,763.28
92589,179,4,412.48
92594,179,4,412.48
92597,67,10,1190.97
92600,179,2,251.48
92602,179,2,206.24
92610,179,4,412.48
92615,67,11,1675.98
92620,113,7,2400.58
92628,113,7,2400.58
92633,113,6,1816.94
92637,179,1,389.09
92639,179,2,778.18
92643,113,7,2400.58
92650,166,8,1163.8799999999999
92657,179,2,384.36
92660,179,2,384.36
92666,179,4,728.6
92667,179,1,103.12
92669,1,19,2808.25
92671,179,2,384.36
92675,179,1,379.11
92676,179,2,384.36
92677,166,6,559.6
92680,179,1,379.11
92681,179,2,384.36
92682,179,1,379.11
92704,125,18,1123.77
92705,11,51,4115.97
92731,178,1,4.96
92736,169,7,694.52
92752,113,12,1491.85
92755,105,10,1238.82
92803,177,2,315.40999999999997
92826,135,1,13.34
92841,177,9,127.2
92845,177,4,384.48
92848,177,3,600.4599999999999
92899,167,27,2578.48
92983,167,8,799.12
93001,173,5,778.76
93038,61,4,24.56
93064,174,3,961.96
93074,176,1,336.39
93085,176,1,188.37
93089,176,3,987.1500000000001
93102,114,11,795.5699999999999
93121,176,1,7.64
93165,176,1,48.26
93172,171,5,667.0500000000001
93183,116,2,50.61
93196,146,2,10.28
93221,175,1,6.97
93276,133,3,535.38
93326,175,5,528.88
93330,111,14,4941.24
93371,175,2,140.12
93403,174,4,276.9
93422,174,1,199.39
93428,174,1,116.57
93429,174,2,58.44
93431,174,1,116.57
93439,138,1,3.15
93444,174,3,1906.3400000000001
93452,174,1,105.17
93466,174,2,691.4200000000001
93485,84,5,153.96
93556,165,11,1344.8500000000001
93580,11,37,3430.17
93589,173,1,192.32
93599,109,1,201.63
93613,11,22,4704.05
93617,116,8,2245.95
93630,169,8,819.06
93633,173,1,36.61
93675,150,4,694.71
93684,11,16,2568.44
93733,172,2,16.74
93753,106,14,1532.42
93779,172,1,258.48
93784,172,3,399.22
93790,172,4,675.51
93793,106,6,969.6600000000001
93795,172,1,0.0
93800,116,9,2710.8999999999996
93804,105,5,273.77
93813,39,10,697.98
93816,172,2,523.1
93817,172,1,216.88
93819,172,1,216.88
93820,172,1,216.88
93822,172,1,209.52
93824,172,1,216.88
93825,172,2,478.43
93826,172,1,209.52
93827,172,1,216.88
93829,172,1,216.88
93831,172,1,216.88
93832,172,1,216.88
93833,15,29,2217.2
93834,172,1,216.88
93835,172,1,216.88
93836,172,1,209.52
93837,172,1,216.88
93840,172,1,209.52
93841,172,1,216.88
93842,172,1,209.52
93843,172,4,766.36
93852,106,8,1179.3600000000001
93865,172,1,258.48
93934,170,4,766.36
93936,171,2,15.64
93949,171,3,317.58
93952,171,3,296.78
93966,116,12,2943.91
94009,170,8,1373.32
94087,170,4,381.84
94095,168,6,956.08
94096,170,1,109.99
94106,170,3,296.78
94199,169,2,515.44
94231,169,1,15.27
94235,169,1,58.66
94236,169,7,1101.88
94237,169,4,528.12
94239,169,2,264.06
94240,169,4,764.28
94257,168,11,1944.8899999999999
94271,169,5,588.11
94303,169,1,1390.81
94311,169,2,170.08
94338,168,1,132.16
94341,168,1,12.88
94356,168,1,11.74
94364,168,9,2432.71
94372,168,1,29.36
94456,141,1,25.05
94457,168,4,528.4
94463,168,4,528.78
94470,168,1,90.19
94535,115,18,3511.4900000000002
94539,165,13,2400.29
94552,159,3,22.44
94573,141,1,8.11
94586,156,9,2339.7599999999998
94631,167,1,82.74
94633,167,1,82.74
94637,104,8,2226.38
94638,167,4,1524.0
94640,167,1,82.74
94641,114,6,1174.6200000000001
94643,167,4,1524.0
94648,167,4,1524.0
94654,167,5,2054.52
94655,167,1,192.07
94658,167,3,1143.0
94661,167,2,762.0
94662,88,1,213.21
94663,167,9,2043.68
94666,167,9,939.55
94667,109,4,410.04
94668,167,1,52.78
94673,106,3,193.83
94675,108,3,570.6899999999999
94676,167,1,218.24
94677,167,12,1166.6000000000001
94679,116,11,2596.41
94680,167,13,1266.23
94681,108,3,598.7
94685,167,1,218.24
94686,167,1,325.62
94687,167,1,218.24
94692,167,1,218.24
94693,167,1,218.24
94694,167,6,899.4
94695,167,1,218.24
94698,167,1,218.24
94699,11,8,1393.77
94700,167,2,436.48
94701,167,12,1162.5
94702,167,12,1165.68
94705,167,14,1363.68
94707,167,1,218.24
94709,167,1,218.24
94712,167,1,218.24
94713,167,1,218.24
94714,116,7,568.0699999999999
94715,167,1,218.24
94717,167,1,218.24
94720,167,1,218.24
94723,167,1,218.24
94724,167,1,218.24
94725,167,1,218.24
94727,116,7,377.98
94729,167,1,218.24
94732,167,5,674.95
94733,113,5,1622.4
94735,167,1,218.24
94736,167,14,1356.1200000000001
94740,167,15,1455.04
94744,167,8,734.42
94746,165,5,250.20999999999998
94748,53,6,780.71
94749,116,7,483.90999999999997
94750,167,15,1896.49
94753,167,4,407.24
94759,167,13,1641.12
94761,166,5,931.1300000000001
94764,167,2,768.3
94765,111,7,404.98
94769,167,1,87.71
94773,167,1,218.24
94774,156,10,968.1500000000001
94775,167,1,218.24
94780,167,4,407.24
94781,111,4,78.52
94782,167,2,249.62
94784,167,3,374.43
94785,167,1,218.24
94787,116,6,1114.26
94789,165,3,2756.3999999999996
94792,112,15,4273.89
94794,167,2,469.08000000000004
94796,102,3,1075.6299999999999
94797,167,1,218.24
94798,167,1,33.17
94799,167,2,436.48
94803,167,3,296.87
94809,167,2,193.52
94810,167,1,218.24
94812,102,1,362.45
94813,167,2,436.48
94814,167,1,218.24
94815,167,2,249.62
94816,167,1,218.24
94817,167,4,387.04
94818,167,1,218.24
94819,167,4,524.48
94821,167,1,218.24
94823,167,1,218.24
94824,167,1,218.24
94826,167,2,436.48
94827,116,6,749.35
94829,167,1,218.24
94830,167,1,218.24
94831,167,1,218.24
94832,167,1,218.24
94833,167,1,218.24
94835,167,4,500.68
94836,167,1,218.24
94837,158,7,892.77
94838,167,1,218.24
94840,112,11,3954.93
94841,167,1,218.24
94842,166,8,4650.41
94844,167,4,301.0
94845,167,1,218.24
94847,167,1,218.24
94848,167,1,218.24
94850,167,1,218.24
94851,167,1,218.24
94852,81,16,846.94
94855,167,1,218.24
94858,167,1,218.24
94859,11,20,3275.16
94860,167,1,218.24
94861,167,11,1126.4
94863,167,1,218.24
94864,167,1,101.81
94865,167,1,218.24
94869,167,1,218.24
94872,167,1,218.24
94873,167,4,211.12
94874,11,14,3118.06
94875,167,1,218.24
94876,167,1,218.24
94884,167,4,112.08
94895,156,13,1506.26
94897,166,3,305.6
94902,167,4,271.03999999999996
94914,166,3,388.86
94916,167,1,101.81
94918,167,2,193.52
94919,166,4,112.23
95235,166,2,14.64
95263,164,1,4.93
95375,166,1,6.59
95399,166,5,402.65
95412,114,8,1776.3700000000001
95435,166,1,175.7
95441,166,1,292.84
95473,166,7,571.03
95540,166,4,3157.16
95546,166,5,330.93
95566,166,1,117.14
95600,135,6,293.86
95637,166,4,417.1
95640,16,21,505.5
95643,166,4,241.45
95665,153,1,34.86
95672,166,6,751.14
95680,166,14,2595.39
95693,166,1,431.94
95749,166,9,1666.65
95755,166,5,676.0799999999999
95757,166,4,740.28
95820,166,12,2222.88
95868,166,3,175.71
95890,160,11,1977.5
95918,166,8,1132.92
95924,114,7,1695.15
95927,105,10,1200.27
95952,166,4,211.44
95989,166,2,56.14
95992,166,3,290.79
95993,166,1,80.53
96004,166,9,1220.5
96068,135,3,23.98
96111,166,8,1223.16
96146,15,3,276.92
96150,166,7,1091.61
96163,148,4,55.34
96167,166,4,456.52
96186,116,10,635.28
96196,11,9,1045.53
96198,166,7,824.57
96203,166,4,456.52
96219,116,1,89.53
96238,166,4,758.58
96246,116,8,712.84
96258,166,4,132.92
96269,166,5,489.66
96278,166,4,229.60999999999996
96283,166,2,105.72
96288,166,1,219.63
96289,14,5,391.39
96292,166,7,1848.54
96293,135,7,494.92
96295,166,2,320.3
96297,166,4,229.60999999999996
96305,166,2,67.7
96308,166,1,65.46
96309,166,1,101.98
96313,166,4,798.72
96315,166,3,305.94
96341,166,4,407.92
96346,166,4,2525.72
96348,116,9,431.62
96349,166,2,385.72
96350,166,2,1262.86
96351,166,4,874.36
96352,166,3,305.94
96353,166,4,407.92
96356,11,15,3125.95
96360,166,3,831.1800000000001
96361,166,4,874.36
96364,166,4,2525.72
96367,166,4,387.68
96370,11,12,2493.78
96373,166,4,407.92
96374,11,16,2852.12
96377,166,3,655.77
96378,166,2,165.74
96380,160,1,15.36
96387,166,3,655.77
96393,166,4,874.36
96396,147,7,745.1
96400,166,4,874.36
96406,166,3,305.94
96413,110,3,803.64
96418,116,13,616.48
96419,166,3,655.77
96421,166,3,305.94
96426,166,4,341.51
96430,166,2,203.96
96431,166,1,101.98
96433,166,4,874.36
96436,166,6,601.76
96437,165,4,389.12
96438,116,7,456.28000000000003
96440,67,9,837.8000000000001
96443,166,4,874.36
96446,166,3,655.77
96452,166,2,195.3
96453,15,15,1482.15
96456,166,1,51.55
96466,166,2,56.14
96468,116,9,412.23
96471,81,12,148.19
96474,166,1,8.78
96477,166,1,7.54
96482,116,10,1476.49
96495,165,1,34.02
96501,158,1,2.57
96502,165,1,58.86
96521,135,1,3.99
96546,165,4,472.63
96548,114,6,1174.51
96550,165,1,479.02
96552,116,7,2206.5
96553,165,4,231.67999999999998
96555,165,2,147.14
96556,165,8,1167.96
96560,165,1,200.66
96561,11,13,2473.34
96565,165,10,1330.17
96566,135,5,0.18
96570,165,19,2421.22
96572,116,9,618.66
96580,11,10,1785.62
96584,165,1,230.32
96585,116,6,435.34000000000003
96592,165,2,252.62
96604,165,17,1656.91
96614,165,10,1265.75
96615,116,16,1899.74
96625,116,5,890.93
96626,165,8,1015.36
96636,165,1,184.4
96642,165,8,959.02
96650,106,8,822.9200000000001
96654,116,7,2130.11
96655,165,4,148.76
96657,165,6,760.5600000000001
96661,165,6,1179.92
96663,116,4,308.4
96665,165,1,28.2
96676,165,1,1269.08
96679,165,2,2538.16
96680,165,6,266.4
96683,113,5,3877.58
96685,165,1,102.48
96686,165,7,363.8
96687,165,1,1269.08
96689,165,1,1269.08
96697,165,6,244.89999999999998
96700,165,4,935.07
96703,165,1,5.14
96707,165,1,37.19
96716,116,7,654.74
96722,165,1,7.65
96875,145,1,3.83
96893,164,1,3.05
96933,164,1,4.12
96979,163,1,10.52
96996,163,1,7.65
97020,163,3,39.51
97061,162,1,14.73
97093,162,1,6.41
97108,162,1,14.37
97164,151,2,18.23
97166,161,1,4.91
97185,161,1,12.44
97195,161,1,4.75
97231,160,5,112.15
97248,160,1,3.63
97258,160,4,32.4
97268,160,1,14.4
97274,160,2,21.78
97282,125,1,13.79
97348,159,2,17.04
97354,159,3,28.619999999999997
97385,159,1,4.73
97403,158,1,225.55
97404,158,1,166.27
97405,158,1,187.37
97409,116,20,1161.43
97416,116,10,217.84
97418,156,21,3491.67
97419,158,3,498.81000000000006
97422,16,67,3626.48
97423,158,5,831.35
97425,158,1,225.55
97427,158,1,225.55
97429,158,6,149.72
97439,158,2,45.57
97458,158,10,74.58
97460,105,26,4028.55
97471,105,11,235.23
97476,158,1,225.02
97488,158,2,451.1
97491,158,1,225.55
97495,158,2,20.5
97497,158,1,225.55
97498,83,5,852.12
97499,157,11,1313.79
97503,158,1,225.55
97504,158,1,225.55
97506,158,3,579.88
97511,116,5,701.77
97515,158,2,200.4
97526,158,2,160.62
97552,158,2,632.86
97568,141,2,37.96
97582,116,4,530.4
97643,157,1,201.43
97652,154,1,174.18
97701,157,1,17.57
97703,156,4,1014.08
97713,116,8,622.24
97715,157,1,41.77
97751,53,2,296.4
97762,157,2,291.97
97763,116,11,609.02
97784,157,4,107.84
97798,156,5,124.11
97801,156,13,348.96000000000004
97810,156,4,418.4
97849,14,10,877.48
97853,156,1,66.6
97916,156,22,3979.1400000000003
98156,155,1,17.72
98291,155,1,17.72
98367,155,1,70.87
98395,155,1,28.35
98485,154,1,34.84
98572,153,1,4.53
98887,135,1,7.32
98904,154,1,10.45
99023,154,1,27.87
99050,154,1,34.84
99066,154,2,20.74
99167,154,1,55.74
99226,154,1,17.42
99231,154,2,31.35
99324,154,1,13.93
99449,154,1,13.93
99499,154,2,11.5
99523,154,4,54.72
99526,154,1,17.42
99917,152,2,35.04
99925,152,1,4.56
100061,154,1,13.93
100107,90,3,184.36
100155,154,1,17.42
100178,154,1,34.84
100215,154,1,13.93
100254,154,1,34.84
100294,154,1,17.42
100634,154,1,34.84
100671,153,1,20.92
100710,153,1,17.43
100768,153,1,20.92
100787,153,1,13.94
100792,153,1,13.94
100899,153,3,45.31
100931,153,1,13.94
101035,153,1,27.89
101073,12,15,248.17
101076,153,1,17.43
101175,153,2,20.91
101253,153,1,13.94
101269,137,1,13.28
101311,153,2,34.86
101335,102,4,741.8
101347,153,1,55.78
101436,153,1,6.97
101467,153,1,4.53
101513,153,3,52.29
101550,153,1,5.01
101556,153,1,6.97
101672,153,1,27.89
101752,153,1,20.92
101968,153,1,20.92
101977,153,2,27.88
101980,153,1,6.97
102014,153,1,13.94
102032,135,1,12.64
102290,153,1,10.46
102323,153,1,6.97
102441,153,1,27.89
102489,152,2,62.9
102579,152,1,7.01
102631,152,1,105.15
102641,153,1,13.94
102816,152,1,4.9
102875,117,1,6.88
102881,152,1,10.51
102885,152,1,7.01
102995,152,1,17.52
103205,152,1,7.01
103315,152,1,672.26
103396,152,2,16.1
103401,152,5,353.15
103404,152,8,26.48
103462,106,8,59.6
103485,151,1,690.7
103486,151,1,493.35
103489,151,1,477.21
103538,150,2,294.1
103539,141,1,211.7
103585,150,1,8.45
103709,148,1,14.18
103797,147,1,7.56
103798,147,1,8.6
103802,85,1,50.76
103832,88,7,167.54
103833,88,10,288.97
103862,146,1,3.85
103889,146,1,3.73
103921,135,1,0.0
103959,83,1,5.54
104031,144,4,29.62
104042,144,1,2.47
104062,144,1,145.84
104150,143,1,8.13
104281,130,1,11.2
104305,141,1,10.58
104313,141,1,8.11
104325,141,1,3.52
104327,141,1,13.32
104349,135,7,24.7
104378,140,4,683.44
104380,140,3,205.02
104381,140,3,410.06000000000006
104400,140,1,206.44
104401,82,1,2.76
104428,140,1,5.33
104431,140,1,3.8
104487,139,3,24.96
104500,139,1,9.06
104528,139,1,4.54
104566,138,1,14.01
104615,137,1,8.07
104652,137,1,19.15
104657,116,7,975.64
104667,137,1,10.53
104672,115,6,1150.19
104682,137,2,17.24
104728,16,1,176.35
104761,135,2,20.71
104763,111,3,271.94
104778,135,2,292.98
104782,116,10,632.98
104785,135,2,519.4
104790,135,4,1526.32
104791,116,12,664.0799999999999
104792,135,1,346.27
104794,135,4,80.0
104796,135,1,346.27
104798,135,1,346.27
104802,135,2,168.62
104803,135,6,85.14
104805,135,2,122.96
104806,135,2,122.96
104808,135,2,82.12
104811,135,2,346.26
104812,135,1,31.84
104815,135,1,173.13
104817,135,1,13.35
104818,135,1,8.42
104824,47,2,127.25
104838,135,5,52.19
104839,135,1,5.97
104875,135,4,181.17000000000002
104877,135,1,10.27
104879,135,1,84.31
104882,135,3,122.46000000000001
104884,135,1,7.72
104885,111,3,529.98
104890,135,1,4.95
104894,135,5,165.74
104907,135,1,8.08
104909,135,1,8.42
104916,135,1,7.48
104920,135,1,2.45
104925,74,1,148.86
104933,135,1,9.13
104937,135,1,9.1
104939,114,5,195.19
104947,135,2,33.72
104949,135,2,118.66
104956,135,1,7.38
104960,134,1,27.32
104974,135,1,10.86
104983,134,4,15.44
104988,134,2,9.46
105011,134,1,9.82
105025,134,1,110.94
105032,134,1,2.86
105088,133,1,2.69
105091,133,1,139.69
105094,133,1,225.56
105118,133,3,22.080000000000002
105137,133,1,139.69
105176,132,2,14.34
105192,132,1,9.8
105259,131,2,19.94
105266,131,1,8.33
105276,131,1,10.47
105277,129,2,241.13
105299,130,1,3.15
105314,116,7,563.7
105386,129,1,25.7
105389,129,2,14.45
105396,129,4,175.0
105398,129,2,14.24
105434,111,5,175.0
105453,128,1,630.89
105484,128,2,15.3
105543,125,1,1.41
105560,127,1,4.26
105567,14,48,27731.85
105583,126,1,97.04
105603,126,1,11.33
105659,105,2,226.77999999999997
105660,115,1,7.95
105663,125,1,56.58
105708,125,1,495.1
105730,125,1,6.71
105774,124,1,9.97
105775,45,1,15.88
105850,123,1,408.06
105854,123,2,35.16
105859,123,1,8.23
105863,123,3,17.79
105864,123,8,46.24
105868,123,4,23.0
105941,122,1,4.65
105947,122,5,30.9
105957,122,1,17.54
105969,121,1,7.51
105979,121,1,1.57
105998,121,1,465.33
106009,121,1,622.83
106061,116,6,907.8800000000001
106088,120,1,4.63
106090,120,1,7.85
106098,119,1,47.52
106145,119,2,20.06
106174,118,1,11.91
106190,118,1,9.71
106224,118,2,3074.01
106276,117,1,6.88
106284,117,2,14.98
106312,110,6,1447.23
106326,116,8,2382.71
106327,116,4,1158.28
106328,116,4,909.65
106329,116,6,973.14
106330,116,4,358.12
106332,11,6,1072.08
106335,116,4,770.0
106336,116,4,358.12
106338,116,4,750.76
106339,116,4,393.8
106342,116,4,423.24
106343,116,4,358.12
106344,116,4,393.8
106345,116,4,358.12
106346,116,4,750.76
106347,116,4,717.37
106349,116,4,750.76
106350,67,8,2601.18
106351,116,4,423.24
106352,116,4,994.4
106354,116,2,282.03
106356,116,4,358.12
106358,116,4,393.8
106359,116,4,750.76
106360,116,4,423.24
106362,116,2,967.42
106363,116,4,435.51
106364,116,4,395.45
106366,116,4,980.0600000000001
106367,67,7,1461.22
106368,116,4,423.24
106369,116,4,212.52
106371,116,4,393.8
106372,67,3,562.46
106373,116,4,393.8
106374,116,6,659.4
106376,116,4,393.8
106377,116,4,423.24
106378,116,4,393.8
106380,116,3,295.35
106381,116,3,317.43
106382,116,4,500.68
106383,116,4,423.24
106385,116,4,423.24
106386,116,4,2714.6
106387,116,4,186.76
106388,116,5,958.8199999999999
106389,116,5,12967.7
106390,114,2,376.77000000000004
106392,116,1,678.65
106394,116,1,105.81
106398,116,1,89.53
106407,116,4,553.12
106408,116,6,402.12
106409,116,4,680.44
106421,11,1,79.83
106429,116,2,713.4000000000001
106437,39,3,40.67
106439,116,1,400.13
106444,11,8,1070.6
106446,116,4,514.4
106448,116,1,40.36
106449,116,4,514.4
106451,116,4,530.4
106452,116,4,186.76
106454,11,8,1366.6
106455,116,4,514.4
106457,116,4,186.76
106458,116,3,385.79999999999995
106461,116,1,128.6
106464,116,1,8.61
106466,106,4,61.989999999999995
106468,116,4,644.64
106474,116,4,514.4
106475,116,4,186.76
106477,109,2,0.0
106480,116,4,514.4
106481,109,8,332.96
106485,116,3,563.0699999999999
106486,116,4,514.4
106487,109,9,332.96
106488,116,1,128.6
106490,109,4,166.48
106506,94,7,1645.1799999999998
106507,116,4,514.4
106519,116,2,179.06
106522,116,1,42.11
106524,116,4,358.12
106527,98,1,5.13
106538,116,1,189.34
106576,116,3,268.59000000000003
106614,116,4,1219.08
106616,60,1,59.73
106620,116,4,2190.16
106631,116,1,206.11
106634,115,4,151.29
106648,116,2,266.74
106659,31,2,664.2
106667,115,4,939.48
106669,115,4,812.37
106672,115,1,454.09
106673,115,4,750.76
106677,115,4,483.04
106680,115,4,375.96000000000004
106681,115,4,358.12
106683,115,4,358.12
106686,114,2,119.62
106698,115,1,3.91
106699,112,4,651.6800000000001
106702,115,1,101.34
106706,115,1,197.78
106707,115,2,391.38
106708,115,4,525.16
106709,114,3,421.35
106721,113,6,2678.37
106722,115,4,1607.12
106724,113,4,753.88
106725,115,4,531.72
106727,11,8,1147.08
106731,111,4,1257.57
106734,11,8,901.78
106744,115,1,41.87
106749,115,1,10.96
106764,115,4,161.88
106767,115,4,161.88
106770,115,4,161.88
106774,115,3,268.59000000000003
106776,115,4,810.76
106778,115,2,425.02
106780,14,14,1889.9
106783,14,11,1610.87
106786,14,10,1374.04
106787,115,3,268.59000000000003
106790,52,5,506.19000000000005
106794,115,1,99.7
106796,115,4,814.44
106799,115,4,1736.59
106800,115,4,974.0999999999999
106801,115,4,161.88
106803,115,1,40.47
106807,115,3,413.61
106808,115,1,206.67
106822,0,5,212.01
106824,115,4,750.76
106845,115,4,596.2
106852,114,4,272.44
106854,114,1,7.45
106860,114,4,186.76
106927,114,4,750.76
106929,114,4,750.76
106931,114,4,483.04
106939,114,4,493.90000000000003
106940,114,4,393.8
106942,114,4,393.8
106956,114,1,210.87
106959,114,4,393.8
106960,114,4,415.88
106961,114,4,423.24
106964,114,3,317.43
107003,113,1,120.78
107004,113,1,132.56
107027,113,1,686.91
107037,113,1,177.74
107041,110,4,1125.72
107045,113,4,1156.43
107046,11,6,2026.9900000000002
107052,113,6,4852.11
107060,113,4,2588.04
107066,14,8,827.2
107068,14,8,827.2
107070,14,8,760.64
107071,14,8,694.0799999999999
107072,14,8,694.0799999999999
107075,14,8,694.0799999999999
107076,14,7,725.72
107081,105,4,1209.6299999999999
107085,113,4,758.04
107087,113,4,777.44
107088,113,4,569.52
107093,113,4,361.6
107095,113,5,462.76
107098,113,4,758.04
107099,113,4,361.6
107103,113,4,361.6
107104,113,2,180.8
107105,14,8,827.2
107108,14,8,827.2
107110,14,8,827.2
107113,14,7,689.8
107115,11,8,1297.72
107117,14,8,569.44
107120,14,8,569.44
107122,14,9,651.44
107123,113,4,758.04
107124,110,4,3426.0
107125,108,6,361.6
107127,14,6,430.64
107128,113,4,361.6
107130,113,4,291.84
107131,113,3,93.86999999999999
107132,108,2,90.4
107133,113,4,441.08000000000004
107134,113,4,291.84
107136,113,4,1094.44
107137,112,4,352.21999999999997
107151,113,2,267.78
107165,113,4,533.32
107172,113,4,533.32
107177,112,4,783.9300000000001
107180,112,3,902.5999999999999
107184,112,4,44.12
107196,112,4,533.36
107197,112,4,533.36
107200,112,4,533.36
107201,112,4,533.36
107202,112,4,533.36
107203,112,4,533.36
107205,112,4,533.36
107207,112,1,133.34
107237,112,1,402.35
107238,112,2,808.0
107248,112,5,259.58
107253,112,1,85.37
107258,60,3,102.99
107259,112,1,9.45
107265,112,8,3027.08
107283,75,2,202.58
107284,42,5,1539.71
107285,112,4,554.52
107289,110,1,552.84
107292,112,4,533.36
107294,112,4,533.36
107297,112,4,668.35
107300,112,4,533.36
107301,112,4,533.36
107303,112,4,533.36
107305,112,3,400.02
107311,112,3,400.02
107312,11,6,848.86
107315,112,4,747.76
107316,112,1,77.42
107320,111,3,234.56
107325,112,2,601.16
107330,112,1,10.71
107335,111,5,1794.55
107354,111,4,195.0
107358,111,4,195.0
107373,111,4,837.0
107378,111,4,535.04
107380,111,4,535.04
107382,111,4,535.04
107383,111,4,367.88
107386,59,5,981.3699999999999
107387,111,4,361.24
107388,111,3,275.90999999999997
107389,111,4,757.32
107390,111,4,1025.6999999999998
107393,111,1,73.2
107396,1,9,802.38
107403,111,4,367.88
107408,111,4,44.510000000000005
107409,111,3,401.28
107411,111,3,567.99
107413,111,4,554.84
107414,111,3,569.6500000000001
107415,111,3,52.31
107419,111,4,535.04
107420,111,4,566.66
107429,111,4,367.88
107441,88,1,6.0
107451,111,4,367.88
107452,11,5,785.58
107453,111,4,539.44
107458,111,4,539.44
107459,111,4,367.88
107460,111,1,30.86
107462,111,1,131.37
107463,110,4,971.6800000000001
107470,111,1,85.07
107472,111,4,501.04
107475,111,4,501.04
107476,111,4,751.56
107478,111,4,501.04
107480,111,3,375.78000000000003
107481,111,4,501.04
107484,111,5,809.64
107486,111,2,250.52
107487,111,1,250.52
107489,109,2,210.4
107492,111,4,508.96
107493,111,4,508.96
107494,111,1,374.88
107495,111,4,521.54
107496,111,4,508.96
107497,105,3,441.83
107498,111,2,396.58
107503,111,3,314.35
107508,111,4,1200.3999999999999
107510,111,4,580.78
107513,111,4,514.24
107517,111,4,802.12
107519,111,4,520.68
107520,111,4,373.6
107522,111,4,460.86
107526,111,4,401.04
107528,111,4,373.6
107529,111,4,802.12
107535,111,5,1076.1100000000001
107536,111,3,424.72
107537,111,9,1658.01
107539,111,4,701.85
107540,111,2,126.64
107541,11,58,3814.13
107545,111,2,749.76
107546,111,4,486.08
107547,111,3,189.96
107549,111,4,1499.52
107550,111,4,1203.16
107551,111,4,1119.09
107552,111,1,182.59
107553,111,1,85.07
107555,111,2,496.14
107557,111,4,1203.16
107558,111,4,180.4
107559,111,1,316.73
107563,111,1,252.65
107568,110,4,287.18
107570,111,4,373.6
107573,111,4,557.77
107579,111,4,1499.52
107580,110,4,1895.97
107581,110,4,1370.52
107582,110,4,180.52
107583,110,4,1625.63
107586,110,3,356.32
107588,110,4,1308.82
107589,63,3,1300.44
107590,110,3,1402.32
107606,53,3,107.64000000000001
107615,110,4,642.91
107622,103,9,651.81
107623,110,4,470.12
107634,110,4,817.04
107635,110,4,101.08
107638,110,4,101.08
107641,36,5,2681.5
107645,110,4,413.28
107648,110,4,2740.88
107649,109,4,170.45999999999998
107651,110,4,556.8
107657,110,2,425.82
107662,110,3,638.73
107663,46,8,885.06
107666,101,4,1565.08
107669,109,3,489.96000000000004
107670,110,3,417.59999999999997
107671,110,4,556.8
107675,110,4,556.8
107680,110,4,556.8
107683,110,4,1225.38
107686,110,4,1154.7
107697,110,4,188.56
107699,110,4,267.44
107700,110,2,16.2
107703,110,4,267.44
107710,94,7,2381.3900000000003
107715,110,4,267.44
107717,110,4,267.44
107718,110,4,267.44
107728,110,4,188.56
107732,110,4,188.56
107736,110,4,188.56
107741,110,2,1027.88
107745,109,4,172.44
107748,109,4,172.44
107753,109,4,172.44
107756,109,4,172.44
107759,109,4,172.44
107772,109,1,12.34
107791,109,2,974.5799999999999
107803,15,4,108.92
107804,109,4,410.04
107808,109,4,134.76999999999998
107815,109,4,123.99
107817,106,4,476.38
107826,107,2,115.12
107829,15,2,539.8
107838,109,1,367.23
107845,109,5,290.3
107846,45,37,858.04
107851,109,1,125.08
107858,109,4,89.52
107868,39,1,24.5
107873,109,1,22.38
107874,109,4,89.52
107877,109,4,89.52
107882,109,2,44.76
107883,109,1,5.38
107885,109,13,1313.06
107886,109,4,89.52
107888,109,4,89.52
107893,109,2,44.76
107894,14,1,95.37
107896,15,5,139.57
107904,76,1,8.1
107911,109,3,258.39
107914,109,1,86.13
107917,109,5,1231.02
107921,109,4,89.52
107922,109,1,86.13
107929,109,4,344.52
107932,109,2,172.26
107939,109,1,565.98
107942,109,4,345.51
107952,53,4,155.93
107957,109,4,172.44
107960,14,9,760.38
107962,109,4,523.4
107966,109,4,407.57
107967,109,1,22.38
107970,109,4,231.29999999999998
107973,109,1,37.33
107976,11,5,216.95999999999998
108004,108,3,565.74
108007,108,1,281.34
108030,108,3,271.77
108033,108,2,181.18
108037,108,4,362.36
108043,108,1,368.88
108052,108,2,43.1
108059,39,16,6019.34
108060,14,8,1990.0
108062,14,15,2205.03
108063,14,12,1975.6000000000001
108065,14,13,2169.26
108066,14,8,1150.64
108070,108,2,377.16
108080,108,1,176.2
108097,107,1,3.19
108145,106,3,368.93
108155,107,2,1461.26
108186,106,4,1479.44
108187,106,4,364.92
108188,106,4,414.2
108189,106,4,364.92
108191,106,4,740.09
108194,106,4,171.17
108195,106,4,364.92
108198,106,4,364.92
108199,106,4,364.92
108200,106,4,759.72
108202,106,4,759.72
108205,106,4,759.72
108208,106,4,759.72
108210,106,4,1611.92
108214,106,4,759.72
108216,106,4,120.96
108217,105,2,187.11
108219,106,4,120.96
108222,106,4,150.4
108223,106,4,120.96
108225,106,4,120.96
108226,106,4,193.48000000000002
108230,106,4,136.44
108231,106,4,292.48
108232,106,4,130.03
108235,106,4,292.48
108236,106,4,292.48
108237,106,4,90.16
108238,106,2,802.14
108240,106,4,292.48
108242,106,4,292.48
108247,106,5,155.13
108250,106,4,234.55
108255,106,4,46.32
108257,106,4,90.16
108260,106,4,113.3
108261,15,3,292.48
108262,106,4,175.68
108263,106,4,90.16
108265,105,4,90.1
108266,14,12,1437.0
108267,106,4,154.95
108272,106,4,601.72
108273,106,4,227.6
108275,105,4,193.69
108276,90,4,28.56
108279,106,3,111.03
108280,106,4,1020.0
108281,106,1,255.0
108282,53,2,71.76
108284,16,28,967.3299999999999
108290,14,3,286.11
108302,106,4,95.64
108303,106,4,95.64
108304,106,4,598.96
108305,106,2,317.85
108306,106,4,197.92
108307,106,1,149.74
108309,106,4,197.92
108312,106,4,141.96
108313,106,4,151.04
108314,106,5,49.76
108315,106,4,146.5
108316,106,4,38.12
108317,106,4,312.54
108318,106,4,38.12
108320,106,4,39.08
108322,106,4,39.08
108323,106,4,173.68
108326,106,2,55.94
108327,106,1,101.42
108328,106,4,39.08
108333,106,4,428.28
108335,106,4,413.38
108337,106,4,852.91
108338,105,6,578.22
108340,106,4,173.68
108342,106,1,33.4
108343,99,2,135.23000000000002
108344,106,1,43.42
108348,105,4,750.16
108350,105,4,750.16
108352,105,4,750.16
108354,105,4,750.16
108356,105,4,750.16
108357,105,3,562.62
108375,11,11,327.47
108376,105,1,13.01
108377,105,4,735.04
108382,105,4,178.36
108383,105,4,178.36
108384,105,3,374.15999999999997
108388,105,3,385.47
108389,105,4,564.03
108391,105,3,385.47
108392,105,1,167.58
108393,105,4,136.78
108394,105,3,385.47
108398,105,4,529.96
108400,105,3,439.31
108402,105,4,510.19000000000005
108403,105,4,131.92
108408,105,3,397.47
108409,105,4,529.96
108413,14,5,224.65
108418,105,4,535.92
108421,105,4,479.37
108422,105,4,750.16
108423,105,2,379.74
108426,105,5,987.16
108427,105,4,750.16
108428,105,4,1731.26
108429,105,2,230.26
108430,11,4,174.32
108432,105,4,551.0
108436,105,4,514.88
108437,105,4,551.0
108438,104,4,480.02
108439,105,4,514.88
108443,105,4,487.7
108445,105,4,56.36
108449,105,1,547.08
108457,105,1,100.08
108464,105,1,86.31
108469,104,1,100.98
108470,105,3,168.54
108471,105,3,168.54
108475,105,1,297.61
108477,105,1,85.65
108480,105,1,85.65
108486,105,3,65.9
108490,14,7,1069.3
108493,105,2,104.03999999999999
108495,105,2,52.72
108497,105,4,274.92
108498,53,4,143.52
108499,105,1,26.36
108501,104,1,37.11
108503,104,1,28.26
108506,104,3,70.65
108507,104,1,28.26
108508,104,1,28.26
108509,104,1,14.13
108520,75,6,69.2
108521,104,4,431.57000000000005
108523,104,5,2065.36
108526,104,4,948.8199999999999
108531,104,3,259.26
108532,104,1,69.35
108535,104,1,68.42
108536,104,4,348.36
108537,104,4,345.68
108539,104,4,380.64
108542,91,1,26.16
108544,103,4,548.98
108545,104,4,479.36
108550,104,1,86.42
108555,102,4,1070.59
108560,104,1,14.57
108565,104,4,360.92
108568,104,4,363.6
108571,103,1,282.63
108572,104,4,360.92
108573,104,1,160.06
108574,104,1,90.9
108576,104,4,120.52
108579,104,4,120.52
108580,104,4,120.52
108582,104,3,90.39
108584,104,1,90.23
108585,104,4,756.88
108587,104,4,756.88
108588,104,4,756.88
108589,104,4,674.33
108591,104,2,410.66
108595,104,4,426.68
108596,104,4,426.68
108597,104,2,312.52
108598,11,16,2049.15
108599,104,4,426.68
108602,104,4,393.8
108604,104,4,381.99
108608,32,12,702.51
108619,104,1,119.98
108623,104,4,120.52
108626,104,4,120.52
108627,104,4,120.52
108628,104,4,120.52
108630,104,4,120.52
108631,104,4,120.52
108632,104,4,120.52
108634,104,4,360.92
108635,104,4,360.92
108636,79,6,1525.98
108637,104,4,360.92
108639,104,4,360.92
108640,104,3,1564.7
108642,104,2,180.46
108644,102,2,194.04
108649,103,2,185.04
108650,103,4,121.36
108651,103,4,121.36
108653,103,3,91.02
108654,103,4,121.36
108657,103,4,121.36
108658,103,4,121.36
108659,103,4,121.36
108661,103,4,121.36
108663,103,4,121.36
108665,103,4,121.36
108666,103,4,121.36
108667,102,4,121.92
108683,103,1,688.88
108684,103,1,86.35
108685,103,1,87.68
108687,103,4,346.73
108689,103,4,544.44
108693,103,2,53.56
108696,102,10,291.28999999999996
108697,103,4,107.12
108701,103,3,261.06
108706,103,3,80.34
108707,103,4,2339.44
108713,103,4,2339.44
108714,103,4,2339.44
108718,88,6,602.66
108723,103,1,13.08
108725,83,4,137.94
108731,103,4,93.73
108732,103,1,86.35
108733,103,4,2339.44
108734,103,1,0.0
108735,103,3,1754.58
108738,103,4,345.4
108741,103,1,26.78
108750,103,3,259.04999999999995
108756,103,1,86.35
108764,103,1,92.13
108771,103,4,1624.64
108773,103,1,285.92
108777,103,1,406.16
108778,100,1,2.59
108779,25,7,30.34
108789,103,2,274.3
108810,102,4,372.24
108813,102,4,372.24
108815,102,4,372.24
108816,102,4,372.24
108817,102,4,372.24
108818,102,4,372.24
108819,102,4,372.24
108822,102,4,372.24
108823,102,4,372.24
108824,102,4,372.24
108825,102,5,474.5
108826,102,4,372.24
108827,102,4,372.24
108828,102,4,372.24
108829,102,4,372.24
108830,102,4,372.24
108832,102,4,372.24
108834,102,4,372.24
108835,102,4,372.24
108836,102,4,372.24
108837,102,4,372.24
108838,102,4,372.24
108839,102,4,372.24
108840,102,4,372.24
108841,102,2,186.12
108842,102,4,372.24
108843,102,4,558.36
108844,102,4,372.24
108846,102,4,372.24
108847,102,4,372.24
108848,102,4,372.24
108849,102,4,372.24
108850,102,4,372.24
108851,102,4,744.48
108852,102,4,558.36
108854,102,4,651.4200000000001
108855,102,4,651.4200000000001
108856,102,4,558.36
108857,102,3,558.36
108858,102,3,558.36
108859,102,3,558.36
108860,102,3,558.36
108861,102,3,558.36
108862,102,3,465.3
108864,14,6,685.24
108865,82,3,37.05
108867,102,4,366.88
108869,102,4,366.88
108870,99,5,514.8499999999999
108872,102,4,366.88
108874,102,4,366.88
108875,102,4,366.88
108877,102,5,162.31
108878,102,4,271.44
108879,102,4,271.44
108880,102,4,271.44
108882,102,4,271.44
108883,102,4,271.44
108885,102,4,769.36
108887,102,2,32.1
108891,102,1,192.34
108895,102,1,101.64
108898,99,7,567.17
108900,102,4,1944.6999999999998
108901,15,6,1025.94
108903,102,2,25.1
108909,102,1,590.44
108911,14,10,268.62
108913,102,1,44.34
108923,102,3,262.5
108929,102,4,350.0
108937,102,2,54.08
108938,11,6,332.15999999999997
108941,102,3,81.12
108942,102,3,262.5
108944,14,8,831.03
108946,14,8,1019.46
108947,102,4,350.0
108950,102,3,81.12
108953,102,1,87.5
108954,102,3,262.5
108956,102,4,3702.4
108958,102,1,87.5
108959,102,5,1085.24
108960,102,4,4201.01
108961,14,2,197.93
108963,102,3,313.68
108965,102,4,4246.66
108966,102,2,175.0
108967,102,5,4886.15
108968,102,4,57.8
108969,102,4,57.8
108971,102,4,57.8
108972,102,6,5924.61
108975,102,4,135.32
108977,102,2,291.05
108978,102,3,2256.25
108980,102,1,173.94
108982,88,7,120.15
108985,102,1,102.58
108991,102,2,70.52
108995,68,1,8.54
108996,102,1,27.04
108998,102,1,44.85
109002,102,4,1640.16
109003,102,4,1204.36
109005,102,4,633.1500000000001
109006,102,4,304.04
109010,102,4,769.36
109012,102,2,54.08
109014,102,2,54.08
109015,102,4,616.1800000000001
109016,102,4,54.08
109017,102,3,173.1
109018,102,4,499.42
109019,102,2,54.08
109020,102,4,433.72
109021,102,2,59.14
109022,102,4,433.72
109024,102,4,122.48
109025,102,3,81.12
109026,102,5,109.0
109028,100,3,395.34000000000003
109053,101,4,1890.1200000000001
109057,101,2,1043.23
109059,101,4,425.4
109061,11,12,2567.4300000000003
109064,101,4,1717.3
109065,101,1,93.06
109068,101,4,372.24
109071,101,1,194.03
109073,101,2,186.12
109076,101,4,372.24
109078,101,1,328.77
109079,101,3,279.18
109085,88,6,38.1
109105,101,1,368.01
109110,101,3,148.59
109118,101,1,61.71
109122,101,4,198.12
109123,101,3,185.13
109124,100,3,155.19
109132,100,3,168.39000000000001
109135,11,11,677.4399999999999
109141,100,2,683.84
109144,11,5,320.43
109148,100,2,201.78
109161,100,1,553.01
109168,100,4,57.8
109171,100,4,59.56
109173,100,2,29.78
109184,99,4,567.21
109190,100,4,224.52
109196,100,4,366.88
109198,100,2,183.44
109200,100,4,224.52
109207,100,3,203.98000000000002
109208,100,4,539.58
109211,99,4,55.940000000000005
109214,3,11,61.120000000000005
109215,60,7,50.050000000000004
109218,99,2,284.33000000000004
109219,67,6,54.940000000000005
109220,99,3,44.7
109222,99,4,59.6
109223,99,4,51.4
109225,99,4,51.4
109226,99,2,25.7
109229,99,1,122.07
109232,99,2,16.34
109249,99,2,17.34
109252,99,1,174.11
109254,99,3,2237.65
109255,99,3,264.62
109257,99,5,236.35999999999999
109259,99,3,577.5600000000001
109260,99,4,770.08
109261,99,4,1139.18
109262,99,4,2246.48
109264,99,4,544.04
109265,99,3,408.03
109266,67,2,138.66
109267,99,4,1007.55
109268,99,4,2784.44
109269,99,4,550.12
109270,99,1,410.42
109271,99,4,550.12
109281,99,4,25.0
109341,82,4,42.68
109349,15,6,140.11
109436,92,2,258.7
109460,96,12,661.6800000000001
109469,34,27,5013.35
109473,96,2,19.22
109509,4,73,1933.58
109542,95,2,50.48
109549,95,2,50.48
109566,95,15,450.9
109642,94,1,7.4
109730,93,1,8.11
109824,91,3,0.0
109834,92,1,200.71
109851,46,1,29.85
109897,91,2,20.16
109925,91,3,43.38
109928,91,2,15.04
109932,91,1,326.37
109941,91,1,3.34
109984,90,1,2.24
109992,90,1,143.55
110132,88,3,76.05000000000001
110137,88,3,76.05000000000001
110141,88,2,50.7
110145,81,22,764.16
110155,88,3,76.05000000000001
110159,88,3,76.05000000000001
110161,11,1,129.69
110163,88,4,101.4
110169,88,12,128.02
110172,88,3,76.05000000000001
110176,88,4,101.4
110177,88,4,88.72
110183,88,8,119.16000000000001
110185,88,1,8.89
110197,88,3,26.009999999999998
110204,88,4,88.04
110207,88,1,17.13
110211,87,1,2.07
110350,85,1,8.94
110379,85,1,27.99
110426,84,2,18.6
110481,16,14,2772.31
110509,70,4,32.599999999999994
110521,11,16,504.23
110583,81,1,8.78
110588,32,6,381.11
110626,60,9,215.82
110630,81,1,14.51
110644,81,1,4.76
110668,81,1,18.32
110715,14,8,467.75
110721,80,1,5.02
110727,4,1,67.99
110838,78,2,209.51
110849,78,1,8.18
110920,68,2,0.0
110962,76,1,1166.91
111016,75,1,10.28
111098,15,16,468.32
111141,14,11,317.64
111185,71,1,618.25
111212,70,1,140.25
111247,70,1,141.68
111253,70,1,5.85
111293,53,8,72.28999999999999
111335,69,1,267.63
111373,68,1,5.41
111407,62,1,202.77
111452,22,4,336.6
111472,67,12,597.5699999999999
111488,11,21,2097.62
111507,67,2,468.2
111509,67,1,131.08
111537,66,2,14.32
111605,65,1,100.77
111620,64,1,67.92
111739,63,3,1534.3000000000002
111767,38,1,551.3
111795,31,2,12.1
111799,62,1,572.47
111801,62,1,396.76
111847,61,1,8.54
111854,56,2,0.0
111867,61,2,14.44
111891,60,4,455.52
111903,16,1,46.09
111915,36,3,0.0
111950,11,1,164.86
111975,59,2,238.42
111996,59,4,130.92
112006,59,9,153.99
112015,59,4,561.96
112016,59,2,280.98
112042,58,1,363.02
112182,56,3,383.70000000000005
112183,56,3,761.04
112184,56,2,507.36
112197,56,2,37.5
112258,17,2,8.92
112280,35,2,720.12
112299,54,1,8.11
112304,54,1,52.77
112317,49,2,5.12
112357,53,3,145.19
112398,53,1,165.2
112399,53,4,660.8
112411,53,1,165.2
112414,16,12,382.62
112443,17,9,1234.45
112533,47,2,456.0
112543,32,42,14127.26
112581,35,5,0.0
112694,49,1,6.52
112812,47,1,5.29
112941,25,8,165.81
112966,39,6,13299.52
112974,44,1,2.68
112985,36,1,6.72
113000,44,1,4.59
113039,43,3,20.16
113086,15,3,1174.4699999999998
113156,41,2,54.14
113172,35,1,3.33
113254,16,2,34.980000000000004
113277,39,1,1.89
113284,39,4,296.8
113288,39,3,222.60000000000002
113297,39,1,551.29
113316,38,6,15.54
113360,18,2,5.18
113500,35,1,9.06
113542,27,7,92.41999999999999
113577,4,34,1002.1
113589,32,1,188.33
113677,30,3,28.86
113721,29,1,500.89
113723,29,1,234.81
113732,29,4,0.0
113733,29,1,4.98
113742,22,1,5.04
113780,28,2,6.72
113796,28,3,337.44
113814,27,1,3.79
113816,27,4,78.76
113818,27,1,540.74
113820,27,2,4.8
113823,15,3,0.0
113828,8,1,5.32
113889,4,19,491.61
113900,25,1,15.05
113903,25,2,0.0
113904,25,1,29.78
113924,25,1,5.26
113928,25,4,0.0
113939,25,1,25.43
113983,20,23,2825.17
114000,23,2,293.46
114044,11,2,64.06
114056,22,1,14.22
114190,20,1,1.74
114212,10,9,707.51
114224,19,1,44.54
114225,18,2,11.91
114240,19,1,222.32
114264,15,2,26.6
114273,18,3,20.43
114294,14,4,100.53999999999999
114321,9,3,2886.85
114348,16,2,712.9200000000001
114350,16,1,96.75
114351,16,3,226.73
114354,1,2,205.08999999999997
114372,16,1,261.78
114376,16,1,5.8
114383,16,1,334.09
114384,16,4,171.4
114393,16,1,10.71
114397,16,2,299.3
114424,16,4,171.4
114425,14,6,735.45
114440,4,4,174.64000000000001
114451,15,7,511.74
114454,15,4,407.92
114456,15,1,101.98
114468,15,3,526.9
114477,14,4,628.19
114487,15,2,67.66
114491,15,1,12.46
114494,15,2,272.0
114500,15,3,408.0
114507,15,3,224.79000000000002
114508,11,8,696.56
114516,15,3,303.6
114518,15,1,145.21
114519,15,6,883.08
114525,15,8,213.36
114528,15,4,588.0
114532,15,4,588.0
114535,15,3,441.0
114536,15,4,515.56
114537,15,3,312.41
114543,14,4,514.8399999999999
114553,15,1,261.07
114561,15,1,247.58
114565,15,2,23.34
114567,11,3,84.62
114603,11,5,128.57999999999998
114605,14,2,190.74
114606,14,1,7.44
114608,14,4,539.64
114609,14,3,349.8
114619,14,2,54.74
114622,14,2,54.74
114636,14,3,417.68999999999994
114644,14,1,22.46
114647,14,2,278.46
114657,14,4,112.6
114658,14,3,291.06
114660,14,2,201.82
114661,14,2,201.82
114662,14,3,296.37
114663,14,4,535.36
114664,14,4,535.36
114666,14,4,535.36
114668,14,4,535.36
114671,14,4,277.6
114673,14,4,277.6
114674,14,2,190.5
114675,14,3,208.20000000000002
114679,14,4,291.76
114699,14,1,46.56
114701,14,1,27.34
114703,11,3,193.98
114704,14,2,201.12
114706,14,4,402.24
114708,14,2,201.12
114710,14,1,218.31
114711,4,7,257.46999999999997
114718,14,1,134.91
114719,14,2,201.12
114721,13,4,617.1
114788,0,6,113.69999999999999
114832,11,1,25.22
114834,11,2,50.44
114835,11,3,75.66
114836,11,5,779.52
114837,11,1,101.82
114839,11,1,25.22
114840,11,3,305.46
114842,11,2,411.02
114846,11,4,407.28
114847,11,2,50.44
114850,11,4,174.32
114852,11,2,129.32
114856,11,2,55.78
114873,11,1,73.89
114874,11,1,133.6
114875,11,4,153.14
114877,11,2,192.22
114878,11,8,838.33
114881,11,2,203.64
114882,11,1,153.27
114887,11,4,518.76
114889,11,4,518.76
114890,11,1,96.11
114891,11,4,518.76
114892,11,4,518.76
114895,11,3,389.07
114896,11,2,203.64
114897,11,1,129.69
114898,11,2,203.64
114899,11,4,265.15999999999997
114903,11,4,441.82
114911,11,4,540.2
114913,11,1,136.98
114915,11,4,76.04
114916,11,4,210.07
114917,10,3,419.44000000000005
115014,8,1,10.3
115027,8,1,14.58
115193,3,1,5.24
115198,3,2,55.56
115200,3,3,195.12
115218,2,2,10.52
115267,1,3,35.22
115276,1,3,14.25
115289,1,2,33.48
